age,gender,time_spent,platform,interests,location,demographics,profession,income,indebt,isHomeOwner,Owns_Car
56,male,3,Instagram,Sports,United Kingdom,Urban,Software Engineer,19774,yes,no,no
46,female,2,Facebook,Travel,United Kingdom,Urban,Student,10564,yes,yes,yes
32,male,8,Instagram,Sports,Australia,Sub_Urban,Marketer Manager,13258,no,no,no
60,non-binary,5,Instagram,Travel,United Kingdom,Urban,Student,12500,no,yes,no
25,male,1,Instagram,Lifestlye,Australia,Urban,Software Engineer,14566,no,yes,yes
38,male,3,Facebook,Travel,United States,Urban,Marketer Manager,19179,yes,yes,yes
56,male,8,YouTube,Sports,United States,Urban,Student,16881,yes,yes,yes
36,male,4,Instagram,Sports,Australia,Urban,Marketer Manager,13636,yes,no,yes
40,non-binary,7,YouTube,Lifestlye,Australia,Sub_Urban,Marketer Manager,16030,no,no,yes
28,non-binary,2,Instagram,Sports,Australia,Sub_Urban,Marketer Manager,10223,yes,no,yes
28,female,7,YouTube,Lifestlye,United Kingdom,Urban,Student,16297,yes,yes,no
41,non-binary,5,Facebook,Sports,United States,Sub_Urban,Marketer Manager,10350,no,no,no
53,non-binary,5,Facebook,Sports,Australia,Rural,Student,17314,no,yes,yes
57,female,6,Instagram,Lifestlye,United Kingdom,Urban,Software Engineer,11928,no,yes,no
41,non-binary,9,YouTube,Travel,United States,Rural,Student,17743,yes,yes,no
20,male,6,Facebook,Sports,United Kingdom,Sub_Urban,Software Engineer,18540,yes,yes,no
39,male,8,Instagram,Travel,United States,Sub_Urban,Student,14732,yes,yes,no
19,female,7,Instagram,Sports,United Kingdom,Rural,Marketer Manager,11017,no,yes,yes
41,female,9,Facebook,Sports,United States,Sub_Urban,Student,12226,no,no,no
61,female,4,Facebook,Sports,United States,Urban,Marketer Manager,17206,no,no,no
47,male,2,Instagram,Sports,United Kingdom,Rural,Software Engineer,17170,no,no,yes
55,non-binary,7,YouTube,Travel,Australia,Urban,Student,16207,yes,no,yes
19,male,6,YouTube,Travel,United States,Rural,Marketer Manager,12419,yes,yes,yes
38,female,1,YouTube,Sports,Australia,Sub_Urban,Software Engineer,16240,yes,yes,yes
50,non-binary,9,Instagram,Sports,United Kingdom,Rural,Software Engineer,11893,yes,no,no
29,non-binary,9,Facebook,Travel,Australia,Rural,Student,15322,yes,no,yes
39,male,2,Instagram,Lifestlye,Australia,Urban,Software Engineer,17718,yes,no,no
61,female,3,Facebook,Lifestlye,Australia,Sub_Urban,Marketer Manager,16878,yes,no,no
42,male,5,YouTube,Travel,Australia,Urban,Software Engineer,11125,yes,no,yes
44,non-binary,5,YouTube,Sports,Australia,Sub_Urban,Software Engineer,13117,no,no,yes
59,male,1,Facebook,Sports,United States,Urban,Marketer Manager,14161,no,no,yes
45,male,8,Facebook,Lifestlye,United States,Rural,Software Engineer,14042,yes,no,yes
33,female,8,Instagram,Lifestlye,United States,Urban,Software Engineer,14433,no,yes,yes
32,female,4,YouTube,Travel,United Kingdom,Sub_Urban,Software Engineer,18638,yes,yes,yes
64,non-binary,7,Instagram,Lifestlye,Australia,Sub_Urban,Software Engineer,12658,yes,yes,no
61,male,3,Instagram,Travel,United States,Rural,Marketer Manager,13483,no,yes,no
20,male,6,Instagram,Lifestlye,United Kingdom,Sub_Urban,Software Engineer,12944,yes,no,no
54,male,9,YouTube,Lifestlye,United States,Urban,Marketer Manager,17210,yes,yes,no
24,non-binary,1,Instagram,Lifestlye,United States,Rural,Software Engineer,17653,yes,no,yes
38,non-binary,5,Instagram,Sports,Australia,Sub_Urban,Software Engineer,18787,yes,yes,yes
26,female,4,Instagram,Sports,United Kingdom,Sub_Urban,Software Engineer,11986,yes,no,no
56,female,8,Instagram,Sports,Australia,Urban,Software Engineer,11074,yes,no,no
35,female,1,Instagram,Lifestlye,Australia,Urban,Marketer Manager,14305,yes,yes,no
21,male,9,Instagram,Travel,United States,Rural,Marketer Manager,13007,no,yes,yes
42,male,6,YouTube,Travel,Australia,Sub_Urban,Marketer Manager,10969,no,no,yes
31,female,4,Instagram,Travel,United Kingdom,Urban,Student,18772,yes,no,yes
26,male,9,Facebook,Travel,Australia,Rural,Software Engineer,12824,no,no,no
43,female,5,Instagram,Sports,Australia,Sub_Urban,Software Engineer,11211,yes,yes,no
19,non-binary,5,Instagram,Sports,Australia,Sub_Urban,Marketer Manager,10229,yes,yes,yes
37,female,5,YouTube,Lifestlye,United States,Rural,Student,14284,yes,no,yes
45,non-binary,1,YouTube,Lifestlye,United Kingdom,Rural,Software Engineer,13185,yes,yes,no
64,male,1,Facebook,Travel,United States,Urban,Marketer Manager,10501,no,no,no
24,female,8,Facebook,Sports,United States,Sub_Urban,Software Engineer,10048,no,yes,yes
61,male,8,YouTube,Travel,United States,Sub_Urban,Software Engineer,13566,no,yes,no
25,non-binary,6,YouTube,Lifestlye,United States,Sub_Urban,Marketer Manager,13055,no,yes,yes
64,non-binary,4,Instagram,Lifestlye,United States,Rural,Marketer Manager,18880,yes,yes,yes
52,non-binary,2,YouTube,Travel,United Kingdom,Urban,Software Engineer,10386,no,yes,no
31,male,2,Facebook,Lifestlye,Australia,Sub_Urban,Software Engineer,10969,yes,no,no
34,male,9,Instagram,Travel,United States,Rural,Marketer Manager,19197,yes,no,no
53,male,5,Facebook,Sports,United States,Sub_Urban,Software Engineer,15820,no,yes,yes
57,male,4,Instagram,Travel,United Kingdom,Urban,Software Engineer,13052,yes,no,no
21,non-binary,1,YouTube,Sports,United Kingdom,Sub_Urban,Marketer Manager,17397,no,no,no
19,non-binary,7,Facebook,Sports,Australia,Urban,Software Engineer,12302,no,yes,yes
23,female,3,Instagram,Lifestlye,United Kingdom,Urban,Software Engineer,12283,no,no,yes
59,female,6,Instagram,Lifestlye,Australia,Sub_Urban,Student,19799,no,yes,no
21,male,5,YouTube,Lifestlye,United States,Sub_Urban,Marketer Manager,14366,no,no,yes
46,non-binary,5,YouTube,Travel,United States,Urban,Student,10122,yes,no,yes
35,non-binary,5,YouTube,Travel,Australia,Rural,Student,16799,no,no,yes
43,non-binary,1,Facebook,Lifestlye,United Kingdom,Urban,Student,19472,no,no,no
61,female,1,Instagram,Travel,Australia,Sub_Urban,Software Engineer,13727,yes,no,no
51,female,3,YouTube,Lifestlye,United Kingdom,Sub_Urban,Software Engineer,18450,no,no,yes
27,non-binary,4,Facebook,Travel,United States,Rural,Student,19139,no,no,yes
53,non-binary,5,Facebook,Sports,United Kingdom,Urban,Student,14958,yes,yes,yes
31,non-binary,2,Facebook,Sports,Australia,Urban,Student,10524,yes,yes,no
48,female,8,YouTube,Lifestlye,Australia,Urban,Software Engineer,19079,no,yes,yes
32,non-binary,2,YouTube,Travel,United States,Sub_Urban,Student,18399,yes,yes,yes
25,non-binary,9,Instagram,Travel,United Kingdom,Urban,Student,10148,no,no,no
31,male,2,Instagram,Sports,United Kingdom,Rural,Marketer Manager,18001,yes,no,yes
40,male,9,YouTube,Sports,United Kingdom,Sub_Urban,Marketer Manager,10437,no,no,no
57,female,7,Facebook,Lifestlye,United States,Sub_Urban,Software Engineer,13749,no,yes,no
38,non-binary,8,Facebook,Sports,United Kingdom,Urban,Marketer Manager,18186,no,yes,no
33,non-binary,2,Facebook,Lifestlye,Australia,Rural,Marketer Manager,14453,yes,yes,yes
62,male,7,Instagram,Sports,United Kingdom,Sub_Urban,Marketer Manager,15336,no,no,yes
35,female,6,Facebook,Sports,United States,Sub_Urban,Software Engineer,14551,yes,yes,no
64,male,4,Instagram,Travel,United Kingdom,Urban,Marketer Manager,12823,no,no,yes
41,male,7,Instagram,Sports,United Kingdom,Urban,Software Engineer,15728,no,yes,no
43,male,4,Facebook,Sports,Australia,Rural,Student,18677,no,no,yes
42,male,2,Facebook,Lifestlye,United Kingdom,Urban,Marketer Manager,18391,no,yes,no
62,non-binary,7,YouTube,Sports,Australia,Rural,Software Engineer,11982,no,no,no
58,non-binary,8,YouTube,Lifestlye,Australia,Sub_Urban,Marketer Manager,16996,yes,yes,yes
46,male,2,Facebook,Sports,United States,Rural,Student,19663,yes,yes,yes
32,female,5,Instagram,Sports,Australia,Rural,Software Engineer,12311,yes,no,yes
62,female,1,Instagram,Lifestlye,Australia,Rural,Software Engineer,17225,no,no,yes
18,female,7,Instagram,Travel,United States,Sub_Urban,Software Engineer,19713,no,yes,no
42,female,8,Instagram,Lifestlye,Australia,Urban,Student,10604,yes,no,no
24,male,6,Instagram,Lifestlye,United States,Sub_Urban,Student,18175,no,yes,yes
26,non-binary,5,YouTube,Lifestlye,United Kingdom,Urban,Student,15785,no,no,yes
41,female,6,Facebook,Travel,United States,Rural,Software Engineer,19609,no,yes,no
18,male,2,YouTube,Sports,Australia,Rural,Student,14597,yes,no,yes
61,female,1,Instagram,Lifestlye,United States,Rural,Marketer Manager,17759,yes,yes,yes
25,female,7,Instagram,Lifestlye,Australia,Rural,Student,17532,yes,yes,yes
41,male,7,Instagram,Travel,United Kingdom,Rural,Software Engineer,18740,yes,yes,yes
28,non-binary,2,Instagram,Lifestlye,United States,Urban,Marketer Manager,10838,yes,no,no
34,non-binary,2,Facebook,Sports,United Kingdom,Urban,Student,13815,no,yes,no
25,male,1,Instagram,Travel,Australia,Rural,Marketer Manager,10847,no,no,yes
52,non-binary,8,Facebook,Sports,Australia,Sub_Urban,Marketer Manager,14709,no,no,no
52,male,8,Instagram,Sports,United Kingdom,Sub_Urban,Software Engineer,14507,no,no,yes
50,male,1,Facebook,Travel,United States,Rural,Marketer Manager,16575,yes,yes,yes
22,male,8,YouTube,Lifestlye,United States,Urban,Marketer Manager,14773,yes,no,yes
59,non-binary,9,Instagram,Sports,Australia,Sub_Urban,Software Engineer,14468,no,no,no
56,male,4,Facebook,Sports,United Kingdom,Sub_Urban,Software Engineer,15192,yes,no,no
58,female,1,YouTube,Sports,United Kingdom,Sub_Urban,Software Engineer,13320,no,yes,no
45,non-binary,1,Instagram,Sports,United States,Rural,Marketer Manager,14698,no,no,no
24,non-binary,3,Instagram,Travel,United States,Sub_Urban,Marketer Manager,14311,no,no,no
26,non-binary,5,Instagram,Travel,United States,Sub_Urban,Marketer Manager,13673,no,no,yes
25,non-binary,5,Facebook,Sports,United Kingdom,Sub_Urban,Software Engineer,11564,yes,no,yes
29,female,9,Facebook,Lifestlye,United States,Sub_Urban,Student,11840,no,yes,no
51,non-binary,2,YouTube,Sports,United States,Urban,Marketer Manager,16058,yes,yes,no
50,non-binary,2,Facebook,Lifestlye,Australia,Rural,Student,17131,no,no,no
40,male,6,Facebook,Sports,United States,Rural,Software Engineer,10726,no,no,yes
41,non-binary,9,Instagram,Lifestlye,United States,Urban,Marketer Manager,19436,no,no,no
54,female,1,Instagram,Sports,United Kingdom,Urban,Student,16697,no,no,yes
52,female,9,Instagram,Lifestlye,United Kingdom,Rural,Marketer Manager,19257,yes,yes,yes
61,female,9,Instagram,Sports,Australia,Sub_Urban,Marketer Manager,10282,no,yes,no
57,female,9,Instagram,Sports,United States,Sub_Urban,Marketer Manager,11081,yes,yes,yes
39,non-binary,5,Instagram,Lifestlye,Australia,Rural,Student,13885,no,yes,yes
44,non-binary,9,Instagram,Travel,United Kingdom,Sub_Urban,Software Engineer,12881,no,no,no
52,female,4,YouTube,Lifestlye,Australia,Urban,Marketer Manager,12970,no,no,yes
18,female,2,YouTube,Travel,United Kingdom,Sub_Urban,Software Engineer,19344,yes,yes,no
52,non-binary,6,YouTube,Sports,Australia,Sub_Urban,Software Engineer,16985,no,yes,yes
54,female,4,YouTube,Lifestlye,Australia,Sub_Urban,Student,10947,no,no,no
64,male,6,Instagram,Lifestlye,United States,Rural,Student,14760,no,no,no
31,female,3,YouTube,Lifestlye,Australia,Urban,Software Engineer,19909,no,no,yes
20,female,6,Instagram,Travel,United States,Sub_Urban,Marketer Manager,10066,no,no,no
18,male,2,YouTube,Travel,United States,Rural,Student,18828,yes,no,yes
22,male,2,Facebook,Sports,United States,Sub_Urban,Marketer Manager,18505,yes,yes,yes
43,non-binary,9,YouTube,Travel,United States,Urban,Marketer Manager,10564,no,yes,no
31,non-binary,7,YouTube,Travel,Australia,Sub_Urban,Marketer Manager,19793,no,no,yes
56,male,3,Instagram,Sports,United Kingdom,Urban,Software Engineer,19017,yes,no,no
44,male,1,YouTube,Lifestlye,United Kingdom,Sub_Urban,Marketer Manager,13670,no,yes,yes
26,non-binary,8,Facebook,Lifestlye,United Kingdom,Urban,Software Engineer,19217,yes,no,yes
32,female,6,Instagram,Sports,Australia,Sub_Urban,Software Engineer,12251,no,yes,no
32,male,7,Instagram,Lifestlye,United States,Urban,Marketer Manager,10804,no,yes,yes
43,non-binary,9,YouTube,Travel,United Kingdom,Sub_Urban,Marketer Manager,14631,yes,yes,yes
59,female,5,Instagram,Sports,Australia,Sub_Urban,Marketer Manager,19583,no,yes,yes
30,male,1,Instagram,Sports,United States,Rural,Marketer Manager,11235,yes,no,yes
49,female,7,Instagram,Sports,United Kingdom,Rural,Software Engineer,16720,yes,no,yes
56,non-binary,5,Instagram,Lifestlye,United States,Urban,Marketer Manager,16906,yes,yes,yes
49,male,3,Instagram,Sports,United Kingdom,Sub_Urban,Marketer Manager,16016,no,no,yes
21,female,9,Instagram,Sports,United Kingdom,Urban,Software Engineer,13549,yes,no,yes
47,male,1,Facebook,Sports,United Kingdom,Rural,Student,17938,yes,no,no
54,female,1,YouTube,Lifestlye,United States,Urban,Student,14141,no,no,yes
40,non-binary,1,Facebook,Travel,Australia,Urban,Software Engineer,16966,no,yes,yes
56,non-binary,3,Instagram,Sports,United States,Rural,Student,19546,no,no,no
62,male,6,Instagram,Travel,United Kingdom,Sub_Urban,Software Engineer,15335,no,yes,no
32,female,3,YouTube,Lifestlye,United States,Urban,Marketer Manager,15077,no,yes,no
60,male,8,Facebook,Lifestlye,Australia,Rural,Marketer Manager,15611,no,no,yes
46,male,2,YouTube,Lifestlye,United States,Sub_Urban,Student,18089,yes,yes,no
53,female,9,Facebook,Lifestlye,Australia,Rural,Marketer Manager,12892,no,no,no
30,female,3,Instagram,Travel,Australia,Urban,Student,15577,yes,no,yes
49,female,5,YouTube,Sports,United States,Sub_Urban,Student,13618,no,yes,yes
24,non-binary,8,YouTube,Lifestlye,United Kingdom,Sub_Urban,Marketer Manager,11559,yes,no,no
39,male,2,Instagram,Lifestlye,Australia,Rural,Marketer Manager,16683,yes,yes,no
45,male,6,YouTube,Travel,United States,Rural,Student,11507,no,yes,yes
19,non-binary,5,Facebook,Travel,Australia,Rural,Marketer Manager,12063,no,no,yes
59,female,9,Facebook,Lifestlye,United Kingdom,Sub_Urban,Software Engineer,13642,yes,no,yes
62,non-binary,5,Facebook,Sports,United States,Sub_Urban,Marketer Manager,12000,no,no,yes
23,non-binary,2,Facebook,Sports,United States,Urban,Marketer Manager,11294,no,yes,yes
45,non-binary,5,Instagram,Lifestlye,United States,Sub_Urban,Software Engineer,14065,yes,no,no
45,male,4,YouTube,Travel,United Kingdom,Urban,Marketer Manager,18014,yes,yes,yes
61,non-binary,7,Facebook,Lifestlye,Australia,Rural,Marketer Manager,19945,yes,yes,yes
61,male,6,Instagram,Lifestlye,United States,Rural,Student,11603,no,no,yes
37,male,2,YouTube,Travel,Australia,Sub_Urban,Marketer Manager,11322,no,no,yes
47,male,5,YouTube,Lifestlye,Australia,Rural,Marketer Manager,15956,no,no,yes
28,female,7,Instagram,Lifestlye,United Kingdom,Rural,Software Engineer,12441,no,yes,no
45,male,7,Instagram,Lifestlye,United States,Sub_Urban,Student,11098,yes,no,yes
42,male,5,Facebook,Travel,Australia,Urban,Student,15073,no,yes,no
56,female,9,YouTube,Sports,United States,Sub_Urban,Student,19697,yes,no,yes
50,male,4,YouTube,Sports,United States,Urban,Marketer Manager,19318,no,no,no
18,non-binary,3,Instagram,Travel,United Kingdom,Sub_Urban,Student,18488,no,yes,no
44,non-binary,4,YouTube,Sports,United States,Sub_Urban,Software Engineer,13787,yes,yes,yes
30,male,5,Facebook,Lifestlye,United States,Rural,Student,12096,no,no,yes
58,female,6,YouTube,Sports,Australia,Sub_Urban,Software Engineer,12208,no,no,yes
20,non-binary,3,Instagram,Lifestlye,United Kingdom,Sub_Urban,Student,15988,yes,no,yes
56,female,2,Instagram,Sports,United States,Urban,Student,10175,no,no,yes
23,female,4,Facebook,Travel,Australia,Rural,Software Engineer,17169,yes,no,no
25,non-binary,5,Facebook,Sports,United Kingdom,Urban,Student,16014,yes,yes,yes
44,female,4,YouTube,Sports,United Kingdom,Urban,Student,11667,yes,yes,yes
26,non-binary,3,YouTube,Sports,Australia,Rural,Student,18867,yes,yes,no
54,female,8,Instagram,Travel,Australia,Rural,Marketer Manager,11823,no,yes,yes
50,non-binary,4,Facebook,Sports,Australia,Rural,Software Engineer,15147,no,no,no
59,male,2,Facebook,Travel,Australia,Sub_Urban,Student,11356,no,yes,yes
61,non-binary,2,Facebook,Lifestlye,Australia,Rural,Software Engineer,13072,yes,yes,no
41,non-binary,1,YouTube,Sports,United States,Rural,Software Engineer,13259,no,yes,yes
32,non-binary,4,Facebook,Travel,United States,Rural,Software Engineer,16199,no,no,no
49,non-binary,9,Instagram,Travel,United Kingdom,Urban,Student,10546,no,yes,no
49,female,7,Instagram,Sports,United States,Urban,Student,15231,no,no,yes
41,male,7,YouTube,Lifestlye,United States,Sub_Urban,Software Engineer,17965,yes,yes,yes
58,non-binary,7,YouTube,Travel,United States,Urban,Marketer Manager,12083,yes,no,yes
29,female,8,Facebook,Sports,Australia,Sub_Urban,Software Engineer,12040,no,yes,no
56,male,1,YouTube,Lifestlye,United Kingdom,Urban,Marketer Manager,14534,yes,no,no
19,male,8,Instagram,Travel,United Kingdom,Rural,Software Engineer,11752,no,yes,no
20,male,4,Facebook,Travel,United Kingdom,Urban,Software Engineer,19807,no,no,yes
54,male,4,Instagram,Lifestlye,United Kingdom,Sub_Urban,Software Engineer,11849,no,no,yes
34,non-binary,4,Facebook,Lifestlye,United States,Urban,Student,12642,yes,yes,no
19,non-binary,6,YouTube,Sports,United States,Rural,Marketer Manager,11600,no,no,yes
19,female,7,Facebook,Sports,Australia,Sub_Urban,Marketer Manager,14402,yes,no,no
45,female,6,Facebook,Travel,United Kingdom,Rural,Software Engineer,13799,yes,yes,yes
40,female,1,Instagram,Lifestlye,United States,Rural,Student,10618,no,yes,yes
54,male,8,Instagram,Lifestlye,United States,Sub_Urban,Student,11132,yes,no,no
49,male,7,Facebook,Lifestlye,Australia,Rural,Marketer Manager,15491,yes,yes,yes
50,non-binary,6,YouTube,Travel,Australia,Rural,Student,15795,no,yes,yes
18,male,6,YouTube,Lifestlye,Australia,Urban,Marketer Manager,17633,yes,yes,yes
36,male,5,Instagram,Lifestlye,United States,Rural,Marketer Manager,11487,yes,no,yes
19,male,6,YouTube,Travel,United States,Rural,Marketer Manager,17848,no,no,yes
61,female,9,Instagram,Sports,Australia,Rural,Student,15009,no,no,no
43,female,9,YouTube,Sports,United Kingdom,Rural,Marketer Manager,19749,yes,no,yes
49,non-binary,8,Facebook,Travel,Australia,Sub_Urban,Marketer Manager,12113,no,no,no
23,male,9,Instagram,Lifestlye,Australia,Urban,Software Engineer,11044,no,no,yes
49,male,8,Instagram,Travel,Australia,Rural,Marketer Manager,12431,yes,no,yes
21,non-binary,8,Facebook,Sports,Australia,Rural,Marketer Manager,17979,yes,yes,no
28,male,1,Instagram,Sports,United States,Sub_Urban,Software Engineer,11582,no,no,no
34,male,5,YouTube,Travel,United Kingdom,Rural,Software Engineer,11308,yes,no,yes
55,female,4,YouTube,Travel,Australia,Sub_Urban,Student,14917,no,yes,yes
41,non-binary,2,Instagram,Sports,United Kingdom,Urban,Marketer Manager,18793,no,yes,no
22,non-binary,8,YouTube,Travel,United Kingdom,Urban,Student,11620,yes,yes,no
51,non-binary,3,Instagram,Sports,United Kingdom,Rural,Student,17503,yes,no,no
23,non-binary,4,Facebook,Travel,Australia,Rural,Software Engineer,14766,no,yes,no
39,female,7,Instagram,Travel,United States,Rural,Student,15362,no,no,yes
28,female,9,Facebook,Travel,Australia,Sub_Urban,Marketer Manager,15192,no,no,yes
33,male,2,YouTube,Sports,United Kingdom,Rural,Software Engineer,16622,no,no,yes
50,male,3,Facebook,Travel,United Kingdom,Rural,Marketer Manager,16093,yes,yes,yes
26,male,4,YouTube,Sports,United States,Urban,Marketer Manager,16704,no,yes,yes
23,male,1,Instagram,Sports,Australia,Rural,Software Engineer,10100,yes,no,no
33,female,7,YouTube,Travel,United Kingdom,Urban,Marketer Manager,16657,yes,no,no
46,non-binary,2,Instagram,Travel,United States,Rural,Software Engineer,15875,no,no,no
20,female,5,Instagram,Sports,United Kingdom,Urban,Marketer Manager,14271,yes,yes,yes
37,male,1,Facebook,Sports,United States,Rural,Software Engineer,10237,yes,no,no
53,female,3,Facebook,Lifestlye,United States,Urban,Student,17226,no,yes,yes
36,non-binary,2,Facebook,Sports,Australia,Sub_Urban,Marketer Manager,18032,yes,no,yes
43,non-binary,1,Facebook,Lifestlye,United Kingdom,Urban,Software Engineer,15218,yes,yes,yes
20,female,7,YouTube,Lifestlye,Australia,Urban,Marketer Manager,14025,no,no,no
36,female,5,YouTube,Lifestlye,United Kingdom,Urban,Marketer Manager,16073,no,yes,yes
37,female,1,YouTube,Travel,Australia,Rural,Marketer Manager,12542,no,yes,yes
49,male,6,Instagram,Travel,United Kingdom,Rural,Software Engineer,11537,no,yes,no
24,female,5,YouTube,Sports,Australia,Rural,Student,10754,no,yes,yes
58,female,3,YouTube,Lifestlye,United States,Sub_Urban,Student,17396,no,yes,no
50,female,7,YouTube,Travel,United Kingdom,Sub_Urban,Student,17823,no,yes,yes
57,non-binary,9,Facebook,Travel,United Kingdom,Urban,Software Engineer,15507,yes,no,no
56,non-binary,9,YouTube,Travel,United States,Sub_Urban,Student,14235,yes,no,yes
35,male,9,Instagram,Travel,Australia,Urban,Software Engineer,10540,no,no,yes
57,male,2,Facebook,Travel,United Kingdom,Urban,Marketer Manager,15510,yes,no,no
18,non-binary,3,Instagram,Lifestlye,United Kingdom,Urban,Marketer Manager,18461,yes,yes,yes
28,non-binary,7,YouTube,Lifestlye,Australia,Sub_Urban,Student,17926,no,no,no
45,non-binary,5,Facebook,Lifestlye,United States,Rural,Software Engineer,15131,yes,yes,yes
42,female,2,Instagram,Lifestlye,Australia,Sub_Urban,Marketer Manager,18697,no,yes,no
40,female,3,YouTube,Sports,Australia,Urban,Software Engineer,11129,yes,yes,yes
48,non-binary,6,Instagram,Lifestlye,Australia,Urban,Software Engineer,13145,no,no,yes
47,female,7,Instagram,Travel,United Kingdom,Sub_Urban,Marketer Manager,18553,yes,yes,yes
59,female,9,Instagram,Lifestlye,United States,Urban,Software Engineer,13720,yes,no,no
52,male,1,YouTube,Sports,United States,Urban,Marketer Manager,19648,yes,no,no
24,non-binary,7,YouTube,Travel,Australia,Sub_Urban,Marketer Manager,14067,no,no,no
33,non-binary,8,Instagram,Lifestlye,United Kingdom,Sub_Urban,Marketer Manager,14195,yes,no,no
43,female,3,Facebook,Lifestlye,Australia,Sub_Urban,Software Engineer,19873,yes,no,no
19,non-binary,4,Facebook,Lifestlye,United Kingdom,Urban,Marketer Manager,19244,no,yes,yes
18,male,6,YouTube,Travel,United Kingdom,Urban,Software Engineer,17281,no,yes,yes
29,male,7,YouTube,Travel,United Kingdom,Rural,Marketer Manager,12509,yes,no,yes
22,male,4,YouTube,Sports,United Kingdom,Rural,Marketer Manager,15016,yes,yes,yes
54,non-binary,8,YouTube,Travel,United States,Sub_Urban,Student,16533,yes,no,yes
49,non-binary,5,YouTube,Travel,United Kingdom,Rural,Student,14727,yes,yes,no
26,non-binary,1,Facebook,Lifestlye,United Kingdom,Urban,Student,10681,no,yes,yes
58,non-binary,4,YouTube,Travel,Australia,Rural,Software Engineer,13932,yes,yes,no
52,non-binary,3,Instagram,Lifestlye,Australia,Urban,Software Engineer,15560,yes,yes,yes
36,male,9,Instagram,Lifestlye,United States,Sub_Urban,Marketer Manager,14016,no,yes,no
33,female,8,Facebook,Travel,Australia,Sub_Urban,Marketer Manager,17339,yes,yes,no
20,male,1,Instagram,Sports,United Kingdom,Urban,Marketer Manager,10719,yes,yes,no
37,non-binary,6,Facebook,Sports,Australia,Rural,Marketer Manager,10074,yes,yes,yes
41,male,9,Facebook,Travel,United States,Sub_Urban,Software Engineer,19485,no,yes,yes
50,non-binary,7,Instagram,Sports,Australia,Sub_Urban,Marketer Manager,14157,no,yes,yes
41,non-binary,4,YouTube,Lifestlye,Australia,Rural,Marketer Manager,18511,yes,yes,yes
28,male,1,Instagram,Lifestlye,United States,Rural,Student,12149,yes,yes,no
25,non-binary,2,Instagram,Travel,United States,Urban,Marketer Manager,19644,no,yes,no
53,female,5,Facebook,Sports,United Kingdom,Rural,Marketer Manager,19747,yes,no,no
55,non-binary,5,Instagram,Sports,Australia,Rural,Marketer Manager,16713,yes,yes,no
57,female,8,Facebook,Lifestlye,United Kingdom,Rural,Software Engineer,14207,no,yes,yes
37,female,6,YouTube,Travel,Australia,Urban,Student,17141,no,yes,no
52,non-binary,8,YouTube,Sports,Australia,Urban,Marketer Manager,18652,no,yes,yes
42,male,2,YouTube,Travel,United Kingdom,Sub_Urban,Marketer Manager,19078,yes,yes,no
52,female,3,Instagram,Sports,Australia,Urban,Student,13936,yes,yes,no
42,male,6,Facebook,Lifestlye,Australia,Sub_Urban,Marketer Manager,19307,yes,no,no
46,female,3,YouTube,Lifestlye,Australia,Rural,Software Engineer,11075,yes,no,yes
35,non-binary,6,Facebook,Travel,United States,Sub_Urban,Marketer Manager,13876,no,no,yes
63,non-binary,6,Facebook,Lifestlye,United Kingdom,Sub_Urban,Software Engineer,14615,yes,yes,no
35,female,2,YouTube,Sports,United States,Rural,Software Engineer,17265,yes,yes,no
19,non-binary,7,YouTube,Lifestlye,United Kingdom,Sub_Urban,Marketer Manager,16379,no,yes,no
52,female,2,Facebook,Travel,United Kingdom,Urban,Student,19118,no,no,yes
33,non-binary,6,YouTube,Travel,Australia,Urban,Software Engineer,14652,yes,yes,yes
58,male,1,Facebook,Travel,United Kingdom,Urban,Student,16792,no,yes,yes
53,non-binary,3,Facebook,Sports,United States,Urban,Marketer Manager,19247,no,no,no
50,male,2,YouTube,Sports,United States,Sub_Urban,Software Engineer,17456,yes,no,yes
21,non-binary,7,Instagram,Sports,United States,Sub_Urban,Marketer Manager,14674,yes,yes,no
50,male,4,YouTube,Sports,United Kingdom,Rural,Student,10541,yes,yes,yes
31,non-binary,8,Instagram,Sports,United States,Sub_Urban,Marketer Manager,12161,yes,yes,no
38,male,6,Facebook,Lifestlye,United Kingdom,Sub_Urban,Marketer Manager,12251,no,yes,no
37,female,4,Facebook,Sports,United States,Sub_Urban,Software Engineer,19244,no,no,yes
25,female,5,Instagram,Sports,United States,Rural,Marketer Manager,14569,yes,yes,no
24,male,9,Facebook,Lifestlye,United Kingdom,Urban,Marketer Manager,12744,yes,yes,no
20,non-binary,7,Instagram,Sports,United States,Sub_Urban,Marketer Manager,16041,no,no,no
34,male,9,Instagram,Travel,Australia,Rural,Software Engineer,14675,yes,yes,yes
50,non-binary,7,Facebook,Sports,United Kingdom,Rural,Student,11560,yes,yes,no
29,female,1,Instagram,Sports,United Kingdom,Rural,Student,11164,yes,no,yes
39,non-binary,8,YouTube,Travel,United Kingdom,Urban,Marketer Manager,15419,yes,no,yes
39,female,4,YouTube,Travel,Australia,Sub_Urban,Software Engineer,12722,no,yes,no
63,non-binary,3,Facebook,Travel,United Kingdom,Rural,Marketer Manager,10470,yes,no,yes
47,non-binary,7,Facebook,Travel,United States,Urban,Student,19608,no,no,no
55,non-binary,3,Instagram,Sports,United States,Rural,Software Engineer,11468,yes,yes,yes
55,male,8,Instagram,Travel,United States,Rural,Student,17925,yes,no,no
62,male,6,Instagram,Travel,United Kingdom,Rural,Student,10808,no,yes,yes
25,female,5,Instagram,Lifestlye,United States,Rural,Software Engineer,18363,yes,yes,no
44,female,4,YouTube,Travel,United Kingdom,Rural,Software Engineer,16719,no,yes,no
44,male,8,YouTube,Travel,United States,Urban,Marketer Manager,15073,yes,yes,no
51,female,8,Facebook,Lifestlye,Australia,Sub_Urban,Marketer Manager,18012,yes,no,no
38,male,1,Instagram,Lifestlye,Australia,Sub_Urban,Student,11645,yes,yes,yes
47,non-binary,9,Instagram,Sports,Australia,Sub_Urban,Software Engineer,18249,yes,yes,yes
50,female,5,Facebook,Lifestlye,Australia,Sub_Urban,Software Engineer,11129,yes,yes,no
45,female,4,Instagram,Sports,United Kingdom,Urban,Marketer Manager,11353,no,yes,yes
64,male,6,Instagram,Lifestlye,United States,Urban,Student,10767,no,no,no
50,female,6,Instagram,Lifestlye,Australia,Urban,Student,13895,yes,no,no
22,female,2,Instagram,Sports,United Kingdom,Rural,Marketer Manager,18874,yes,no,yes
36,non-binary,8,Instagram,Lifestlye,Australia,Rural,Software Engineer,13454,no,yes,yes
21,female,7,Facebook,Sports,Australia,Rural,Marketer Manager,17329,no,no,no
52,non-binary,1,Instagram,Lifestlye,United Kingdom,Sub_Urban,Marketer Manager,11790,yes,no,yes
34,male,5,Facebook,Travel,United Kingdom,Rural,Marketer Manager,19669,yes,yes,no
61,female,6,Instagram,Lifestlye,United States,Sub_Urban,Marketer Manager,10885,no,no,yes
45,non-binary,4,YouTube,Sports,United States,Rural,Software Engineer,17734,yes,yes,yes
47,male,2,YouTube,Lifestlye,Australia,Sub_Urban,Marketer Manager,13906,no,no,yes
46,female,4,YouTube,Sports,Australia,Rural,Software Engineer,14492,yes,no,yes
63,male,1,YouTube,Sports,United States,Rural,Marketer Manager,19730,no,no,yes
23,female,7,Facebook,Travel,United States,Urban,Student,12073,no,no,no
52,male,2,Facebook,Travel,United Kingdom,Rural,Software Engineer,10312,yes,yes,yes
58,male,2,Instagram,Sports,United States,Rural,Student,16269,no,yes,yes
54,non-binary,9,YouTube,Lifestlye,United States,Urban,Marketer Manager,15317,yes,no,no
41,male,5,Facebook,Sports,Australia,Sub_Urban,Marketer Manager,10810,yes,yes,no
46,female,2,Instagram,Sports,United States,Urban,Marketer Manager,16841,yes,no,no
63,female,9,Instagram,Lifestlye,Australia,Urban,Software Engineer,12032,yes,no,yes
48,non-binary,9,Facebook,Lifestlye,United States,Sub_Urban,Student,19699,no,no,yes
52,female,1,YouTube,Lifestlye,United Kingdom,Rural,Software Engineer,17129,yes,no,no
50,female,3,Instagram,Lifestlye,United States,Sub_Urban,Software Engineer,12705,yes,no,no
38,female,4,YouTube,Sports,United States,Rural,Marketer Manager,18788,yes,no,no
49,male,7,YouTube,Sports,United States,Rural,Student,12147,yes,yes,no
40,male,4,YouTube,Travel,Australia,Sub_Urban,Marketer Manager,10615,no,yes,yes
50,female,2,Instagram,Sports,United Kingdom,Urban,Software Engineer,10947,yes,no,yes
20,non-binary,7,YouTube,Lifestlye,United States,Sub_Urban,Marketer Manager,15677,no,yes,yes
35,male,6,Instagram,Travel,Australia,Rural,Student,14651,no,no,yes
42,non-binary,3,YouTube,Lifestlye,United Kingdom,Sub_Urban,Marketer Manager,17866,no,yes,yes
59,female,6,Instagram,Sports,Australia,Sub_Urban,Student,12013,yes,yes,no
48,female,6,YouTube,Travel,Australia,Rural,Student,13697,yes,yes,yes
20,male,5,Facebook,Lifestlye,United Kingdom,Urban,Marketer Manager,10490,yes,no,no
57,female,4,YouTube,Travel,United States,Sub_Urban,Software Engineer,14350,yes,yes,no
63,male,1,YouTube,Travel,Australia,Rural,Marketer Manager,12428,no,no,no
41,female,6,Instagram,Sports,Australia,Rural,Software Engineer,14987,no,no,yes
49,female,2,Instagram,Lifestlye,United States,Sub_Urban,Software Engineer,18733,yes,no,no
64,male,3,YouTube,Travel,United States,Urban,Marketer Manager,19479,yes,yes,yes
39,male,8,Facebook,Travel,United Kingdom,Sub_Urban,Software Engineer,19825,yes,yes,no
40,male,6,Facebook,Lifestlye,United Kingdom,Urban,Software Engineer,14920,yes,yes,yes
19,female,3,Instagram,Travel,United Kingdom,Urban,Marketer Manager,12926,yes,no,no
44,female,7,Facebook,Travel,United States,Urban,Marketer Manager,19544,yes,no,yes
59,non-binary,4,YouTube,Travel,Australia,Urban,Marketer Manager,17282,yes,yes,no
19,male,9,Instagram,Lifestlye,Australia,Sub_Urban,Software Engineer,14376,no,no,no
43,female,5,YouTube,Lifestlye,United Kingdom,Rural,Student,19490,no,yes,no
34,female,3,Instagram,Lifestlye,United States,Rural,Software Engineer,14868,no,yes,no
57,male,2,Instagram,Lifestlye,Australia,Rural,Student,16986,no,yes,yes
50,non-binary,2,Instagram,Sports,United Kingdom,Rural,Marketer Manager,16862,yes,yes,yes
26,male,3,Instagram,Travel,Australia,Rural,Student,14423,yes,no,yes
60,non-binary,2,Facebook,Lifestlye,Australia,Rural,Marketer Manager,16870,yes,yes,no
56,female,4,YouTube,Travel,United States,Sub_Urban,Marketer Manager,18159,yes,yes,no
46,non-binary,2,YouTube,Travel,United States,Urban,Student,12073,yes,yes,no
59,female,9,YouTube,Sports,Australia,Rural,Marketer Manager,16170,no,yes,no
43,male,2,Instagram,Lifestlye,United Kingdom,Sub_Urban,Student,10701,yes,yes,no
52,male,9,Facebook,Lifestlye,United States,Rural,Marketer Manager,18113,no,yes,no
42,male,6,YouTube,Travel,Australia,Rural,Software Engineer,16825,yes,yes,yes
41,non-binary,1,Facebook,Lifestlye,United States,Urban,Software Engineer,17867,no,no,yes
30,female,4,Instagram,Travel,United States,Urban,Marketer Manager,14264,yes,no,yes
24,male,1,YouTube,Travel,United States,Urban,Marketer Manager,17968,no,no,yes
53,male,6,Facebook,Sports,Australia,Rural,Student,18146,yes,no,yes
62,female,4,Instagram,Sports,United Kingdom,Rural,Software Engineer,17776,yes,yes,yes
37,male,3,Facebook,Sports,United Kingdom,Rural,Student,18558,yes,no,yes
18,female,3,YouTube,Travel,United Kingdom,Urban,Marketer Manager,18719,yes,no,yes
25,female,9,YouTube,Lifestlye,United States,Sub_Urban,Marketer Manager,14886,no,no,no
63,female,6,Instagram,Sports,Australia,Rural,Student,13935,yes,yes,no
33,female,9,Instagram,Lifestlye,United States,Rural,Marketer Manager,14619,no,no,no
31,female,5,Instagram,Sports,United Kingdom,Rural,Software Engineer,15191,yes,no,no
29,non-binary,2,Facebook,Sports,United Kingdom,Sub_Urban,Student,16875,no,yes,no
40,male,8,Facebook,Travel,Australia,Rural,Software Engineer,17856,yes,no,no
32,non-binary,5,Facebook,Sports,United States,Sub_Urban,Software Engineer,15401,yes,yes,no
45,male,2,Instagram,Sports,United Kingdom,Rural,Software Engineer,13022,no,no,yes
51,non-binary,4,YouTube,Travel,Australia,Sub_Urban,Student,15738,yes,yes,yes
19,female,9,YouTube,Lifestlye,United States,Rural,Marketer Manager,15984,yes,no,no
49,male,4,Facebook,Sports,United States,Urban,Software Engineer,11770,no,no,yes
40,male,4,Facebook,Travel,United Kingdom,Urban,Software Engineer,19969,yes,no,yes
39,non-binary,2,YouTube,Sports,United Kingdom,Urban,Software Engineer,18989,no,yes,yes
42,non-binary,6,YouTube,Travel,United States,Urban,Marketer Manager,13215,yes,no,yes
39,male,2,Facebook,Lifestlye,United States,Rural,Marketer Manager,16694,no,yes,yes
39,non-binary,7,Facebook,Lifestlye,United Kingdom,Urban,Student,12976,no,yes,no
59,non-binary,3,YouTube,Travel,United States,Sub_Urban,Marketer Manager,13737,no,yes,yes
23,non-binary,3,Instagram,Travel,United Kingdom,Urban,Student,19903,no,yes,no
32,female,5,Facebook,Travel,United States,Urban,Student,10752,yes,no,no
60,female,3,YouTube,Lifestlye,United Kingdom,Urban,Student,11392,yes,no,no
54,non-binary,2,YouTube,Sports,Australia,Rural,Student,16789,no,no,yes
50,non-binary,9,YouTube,Lifestlye,United Kingdom,Urban,Student,10677,yes,yes,no
25,female,2,YouTube,Travel,United Kingdom,Sub_Urban,Software Engineer,10105,yes,no,no
61,female,2,Instagram,Travel,Australia,Urban,Marketer Manager,14753,yes,yes,no
61,male,8,YouTube,Lifestlye,United States,Urban,Software Engineer,11946,no,yes,no
22,male,9,Facebook,Travel,Australia,Urban,Student,15544,yes,yes,yes
56,female,7,Instagram,Lifestlye,United Kingdom,Sub_Urban,Marketer Manager,11095,yes,no,no
21,non-binary,3,YouTube,Travel,United States,Urban,Software Engineer,16985,no,no,no
23,non-binary,9,Instagram,Sports,Australia,Sub_Urban,Software Engineer,11782,yes,yes,no
62,non-binary,3,Facebook,Sports,United States,Sub_Urban,Student,14541,no,no,no
49,non-binary,5,YouTube,Travel,United States,Urban,Software Engineer,13257,no,no,yes
47,male,9,Facebook,Lifestlye,Australia,Sub_Urban,Software Engineer,16213,no,yes,no
64,female,3,YouTube,Sports,United States,Rural,Software Engineer,14869,yes,yes,no
52,non-binary,7,YouTube,Lifestlye,Australia,Urban,Software Engineer,11561,yes,no,no
57,male,1,YouTube,Travel,United Kingdom,Urban,Software Engineer,14006,no,yes,no
33,non-binary,4,YouTube,Lifestlye,United States,Sub_Urban,Student,19867,no,yes,no
30,female,4,YouTube,Sports,United Kingdom,Sub_Urban,Student,19314,no,no,no
59,male,7,Instagram,Lifestlye,United Kingdom,Urban,Software Engineer,13981,no,no,yes
47,female,8,YouTube,Lifestlye,United States,Rural,Student,19493,no,yes,no
36,female,1,YouTube,Travel,Australia,Sub_Urban,Student,15682,no,no,yes
34,male,5,Instagram,Travel,United States,Sub_Urban,Marketer Manager,15782,yes,yes,yes
36,male,7,Instagram,Travel,United Kingdom,Rural,Software Engineer,10943,no,yes,no
45,male,4,Instagram,Sports,United Kingdom,Rural,Student,14550,no,no,yes
43,male,4,Instagram,Sports,Australia,Urban,Student,19137,no,yes,no
54,male,4,Instagram,Travel,United States,Rural,Software Engineer,10600,yes,yes,yes
43,male,6,Instagram,Travel,United Kingdom,Urban,Marketer Manager,16376,yes,yes,no
40,male,7,YouTube,Sports,United Kingdom,Rural,Software Engineer,19609,yes,no,yes
26,non-binary,2,YouTube,Sports,United Kingdom,Sub_Urban,Marketer Manager,11524,yes,no,yes
29,female,5,Facebook,Sports,Australia,Urban,Software Engineer,13766,no,no,no
18,male,4,YouTube,Sports,United Kingdom,Urban,Software Engineer,10250,yes,yes,yes
18,non-binary,3,YouTube,Travel,United Kingdom,Urban,Software Engineer,19736,no,yes,yes
64,non-binary,7,Instagram,Sports,United States,Rural,Software Engineer,10078,no,no,yes
51,non-binary,6,Instagram,Travel,United States,Sub_Urban,Marketer Manager,13123,no,no,yes
49,female,7,YouTube,Lifestlye,United Kingdom,Urban,Marketer Manager,19089,no,no,yes
42,male,5,Facebook,Lifestlye,United Kingdom,Urban,Student,17064,no,yes,no
57,non-binary,6,Instagram,Sports,United States,Urban,Software Engineer,18417,no,no,yes
62,female,5,YouTube,Lifestlye,Australia,Urban,Marketer Manager,11209,yes,yes,yes
18,female,7,YouTube,Lifestlye,Australia,Sub_Urban,Marketer Manager,15153,yes,no,no
33,female,2,Facebook,Lifestlye,Australia,Rural,Marketer Manager,14898,yes,yes,no
56,non-binary,5,Facebook,Sports,Australia,Sub_Urban,Software Engineer,12178,yes,yes,no
22,male,6,Instagram,Sports,Australia,Urban,Student,17610,yes,no,yes
39,non-binary,6,Facebook,Lifestlye,Australia,Sub_Urban,Marketer Manager,18895,no,yes,yes
46,non-binary,5,YouTube,Travel,Australia,Urban,Software Engineer,12544,yes,no,yes
20,male,7,YouTube,Lifestlye,Australia,Rural,Marketer Manager,15522,yes,yes,yes
29,male,8,Facebook,Sports,United States,Rural,Marketer Manager,12370,yes,yes,no
43,male,7,Facebook,Sports,Australia,Rural,Student,13281,no,no,no
33,female,5,Facebook,Sports,Australia,Urban,Marketer Manager,14710,no,yes,yes
54,male,1,Facebook,Lifestlye,Australia,Sub_Urban,Marketer Manager,10328,no,no,yes
39,non-binary,5,Instagram,Travel,United Kingdom,Rural,Software Engineer,15579,yes,no,yes
46,male,2,Facebook,Sports,United States,Urban,Software Engineer,14228,yes,no,yes
31,non-binary,5,Instagram,Sports,United States,Urban,Student,16794,yes,yes,no
45,female,5,YouTube,Lifestlye,United States,Sub_Urban,Software Engineer,10120,yes,yes,no
22,non-binary,2,Facebook,Travel,Australia,Rural,Software Engineer,16749,yes,yes,yes
64,non-binary,5,Instagram,Lifestlye,Australia,Urban,Student,10964,no,no,no
47,male,4,Facebook,Sports,United Kingdom,Sub_Urban,Marketer Manager,14224,yes,no,yes
63,male,1,YouTube,Travel,United States,Rural,Student,13675,no,yes,yes
22,non-binary,3,YouTube,Travel,Australia,Sub_Urban,Software Engineer,15694,yes,yes,no
29,male,1,YouTube,Sports,United States,Sub_Urban,Student,12076,no,no,yes
33,female,5,Facebook,Travel,United Kingdom,Urban,Marketer Manager,16865,no,yes,no
43,female,4,Facebook,Travel,United Kingdom,Urban,Student,15643,no,no,yes
43,male,7,Instagram,Lifestlye,United Kingdom,Urban,Software Engineer,18524,no,yes,no
38,female,5,YouTube,Sports,United States,Sub_Urban,Software Engineer,15249,yes,no,yes
56,male,4,Facebook,Sports,Australia,Urban,Student,11316,yes,yes,no
53,non-binary,2,YouTube,Sports,Australia,Sub_Urban,Marketer Manager,11196,yes,yes,yes
50,non-binary,4,YouTube,Sports,United Kingdom,Sub_Urban,Student,13170,no,no,yes
47,female,2,Instagram,Sports,Australia,Urban,Marketer Manager,19621,yes,no,no
54,male,8,Instagram,Travel,United Kingdom,Rural,Marketer Manager,10355,yes,no,yes
40,male,3,Instagram,Lifestlye,United States,Rural,Student,19718,yes,yes,no
27,female,9,Instagram,Sports,United Kingdom,Rural,Marketer Manager,10028,yes,no,no
22,non-binary,4,YouTube,Lifestlye,United States,Sub_Urban,Software Engineer,11013,no,no,yes
53,female,6,Instagram,Lifestlye,United Kingdom,Sub_Urban,Student,19019,no,yes,yes
51,non-binary,5,Instagram,Travel,Australia,Sub_Urban,Marketer Manager,12024,yes,no,yes
48,male,1,Instagram,Sports,Australia,Urban,Software Engineer,18490,yes,no,yes
27,non-binary,9,Instagram,Travel,United Kingdom,Sub_Urban,Student,15839,yes,no,no
36,female,1,YouTube,Sports,Australia,Urban,Software Engineer,15791,no,yes,yes
49,male,8,Instagram,Travel,Australia,Urban,Software Engineer,10754,no,yes,yes
18,female,9,YouTube,Lifestlye,Australia,Rural,Software Engineer,18961,no,yes,yes
22,female,9,Facebook,Sports,United States,Rural,Marketer Manager,13735,yes,no,no
62,non-binary,1,YouTube,Lifestlye,Australia,Rural,Student,11238,no,yes,yes
21,female,2,YouTube,Lifestlye,United States,Urban,Student,11906,no,no,no
33,non-binary,1,Instagram,Travel,United Kingdom,Urban,Marketer Manager,17399,no,no,yes
41,male,2,Facebook,Sports,Australia,Urban,Student,17961,no,no,no
33,non-binary,8,Facebook,Lifestlye,Australia,Sub_Urban,Software Engineer,19756,no,yes,yes
19,male,5,Facebook,Travel,Australia,Urban,Student,19410,yes,yes,yes
45,non-binary,7,Facebook,Sports,United Kingdom,Rural,Marketer Manager,14601,yes,no,no
49,female,2,YouTube,Sports,United States,Rural,Software Engineer,19549,yes,no,yes
44,non-binary,8,Facebook,Lifestlye,United States,Urban,Marketer Manager,11460,yes,yes,yes
37,non-binary,6,YouTube,Sports,Australia,Urban,Software Engineer,17669,no,yes,yes
41,male,8,YouTube,Lifestlye,United Kingdom,Rural,Software Engineer,11416,yes,yes,no
29,female,1,YouTube,Sports,United Kingdom,Urban,Student,17766,yes,no,yes
52,non-binary,1,Facebook,Travel,United Kingdom,Rural,Software Engineer,11428,yes,yes,no
50,female,7,Instagram,Lifestlye,United Kingdom,Sub_Urban,Marketer Manager,14378,no,yes,no
50,non-binary,8,Instagram,Lifestlye,United Kingdom,Rural,Student,17529,yes,yes,no
60,non-binary,3,Facebook,Sports,United States,Sub_Urban,Marketer Manager,14474,no,no,yes
54,female,5,Instagram,Sports,United States,Urban,Software Engineer,13071,no,yes,no
29,non-binary,1,Instagram,Lifestlye,United States,Urban,Marketer Manager,10555,no,no,no
20,female,7,YouTube,Sports,Australia,Sub_Urban,Marketer Manager,18547,yes,no,yes
18,non-binary,5,YouTube,Travel,United Kingdom,Urban,Software Engineer,11563,no,no,no
50,male,8,Facebook,Sports,Australia,Sub_Urban,Student,11040,yes,yes,no
57,female,8,Facebook,Travel,United Kingdom,Urban,Marketer Manager,12686,yes,yes,yes
27,non-binary,9,Instagram,Travel,United States,Rural,Software Engineer,12553,yes,yes,yes
60,non-binary,7,YouTube,Travel,Australia,Urban,Student,11779,no,no,no
61,male,1,Facebook,Travel,United States,Rural,Student,10075,no,yes,yes
46,female,3,Facebook,Travel,United Kingdom,Rural,Student,14326,yes,no,yes
30,non-binary,8,Facebook,Sports,United Kingdom,Sub_Urban,Marketer Manager,15835,no,yes,yes
29,male,3,Facebook,Travel,United Kingdom,Urban,Marketer Manager,15057,no,yes,no
48,non-binary,8,Facebook,Sports,United States,Sub_Urban,Marketer Manager,12349,no,yes,no
63,female,1,Facebook,Travel,United Kingdom,Urban,Student,12773,yes,yes,yes
19,non-binary,5,Instagram,Lifestlye,United States,Rural,Marketer Manager,12262,no,no,no
52,non-binary,4,YouTube,Travel,Australia,Rural,Software Engineer,13229,no,no,yes
40,non-binary,5,YouTube,Lifestlye,United Kingdom,Urban,Marketer Manager,10392,yes,no,yes
34,non-binary,8,Facebook,Travel,United Kingdom,Urban,Marketer Manager,11108,no,no,yes
43,male,4,YouTube,Travel,United Kingdom,Sub_Urban,Student,14362,yes,yes,yes
25,male,4,YouTube,Travel,Australia,Urban,Marketer Manager,15188,no,no,yes
46,female,3,YouTube,Lifestlye,United Kingdom,Urban,Software Engineer,18802,no,no,no
43,male,7,Facebook,Lifestlye,United States,Urban,Student,15057,no,no,no
27,male,3,Facebook,Travel,United States,Sub_Urban,Software Engineer,13998,no,yes,no
43,female,3,YouTube,Sports,United Kingdom,Urban,Student,18864,no,no,no
51,male,5,YouTube,Travel,United Kingdom,Rural,Student,16566,no,no,yes
58,male,5,Facebook,Lifestlye,Australia,Sub_Urban,Marketer Manager,13677,yes,yes,yes
24,female,6,Instagram,Travel,Australia,Sub_Urban,Software Engineer,15796,no,yes,no
21,female,8,YouTube,Lifestlye,Australia,Rural,Student,16363,no,no,no
62,female,6,Instagram,Lifestlye,United Kingdom,Rural,Marketer Manager,18123,no,no,yes
28,non-binary,1,YouTube,Lifestlye,Australia,Rural,Student,18222,yes,yes,yes
46,non-binary,8,Instagram,Travel,Australia,Urban,Student,17690,yes,no,yes
53,female,8,Instagram,Lifestlye,United States,Rural,Student,11400,yes,yes,no
42,female,9,Instagram,Lifestlye,Australia,Urban,Student,14071,no,no,yes
38,female,9,Facebook,Travel,United States,Sub_Urban,Student,18808,no,no,yes
53,non-binary,2,Instagram,Lifestlye,United States,Sub_Urban,Student,12786,yes,no,no
27,non-binary,2,Instagram,Travel,Australia,Rural,Marketer Manager,17169,yes,no,no
54,male,3,Instagram,Lifestlye,United States,Urban,Student,10870,yes,no,no
26,male,1,YouTube,Sports,United Kingdom,Rural,Software Engineer,14196,no,yes,yes
41,female,4,Instagram,Sports,United Kingdom,Rural,Marketer Manager,19604,yes,yes,yes
52,non-binary,4,YouTube,Lifestlye,Australia,Urban,Software Engineer,12739,no,no,no
52,non-binary,9,Instagram,Sports,United Kingdom,Rural,Student,10940,no,no,yes
53,non-binary,9,Instagram,Travel,United States,Sub_Urban,Software Engineer,10340,no,no,yes
35,female,9,Facebook,Sports,United Kingdom,Rural,Student,17422,yes,yes,yes
56,male,7,YouTube,Lifestlye,Australia,Urban,Student,14133,no,yes,no
49,female,2,Instagram,Lifestlye,Australia,Urban,Marketer Manager,10659,yes,yes,no
41,male,5,YouTube,Travel,United States,Sub_Urban,Marketer Manager,19752,yes,yes,yes
40,male,4,YouTube,Lifestlye,Australia,Urban,Student,13457,yes,yes,yes
49,female,8,Facebook,Travel,United Kingdom,Urban,Marketer Manager,19848,yes,yes,yes
54,male,2,Facebook,Sports,Australia,Sub_Urban,Software Engineer,12975,no,yes,yes
29,male,6,Facebook,Sports,United States,Rural,Marketer Manager,19241,no,yes,no
30,non-binary,5,Facebook,Travel,Australia,Sub_Urban,Marketer Manager,10453,no,no,no
40,male,2,Facebook,Travel,United Kingdom,Rural,Software Engineer,19896,no,yes,yes
42,female,1,Facebook,Lifestlye,United States,Sub_Urban,Marketer Manager,18184,yes,yes,yes
52,female,8,Facebook,Sports,United Kingdom,Rural,Student,15442,yes,yes,no
58,male,2,Facebook,Travel,United States,Sub_Urban,Software Engineer,10818,yes,yes,yes
47,non-binary,7,Instagram,Sports,Australia,Rural,Student,14868,yes,no,no
34,non-binary,9,YouTube,Travel,United States,Sub_Urban,Software Engineer,10012,no,yes,yes
37,male,9,Facebook,Sports,United States,Rural,Student,17727,yes,no,no
42,male,8,Facebook,Lifestlye,Australia,Sub_Urban,Student,10920,no,no,yes
39,female,9,YouTube,Sports,United Kingdom,Urban,Marketer Manager,14920,yes,no,yes
30,male,2,Instagram,Sports,Australia,Rural,Student,12418,yes,yes,no
36,non-binary,6,YouTube,Sports,United States,Sub_Urban,Marketer Manager,19506,yes,yes,no
53,male,4,YouTube,Sports,Australia,Rural,Software Engineer,16475,yes,yes,yes
29,female,4,Facebook,Sports,United States,Rural,Student,12017,no,no,yes
58,female,5,YouTube,Lifestlye,Australia,Sub_Urban,Student,17957,no,no,no
36,female,3,YouTube,Travel,Australia,Rural,Software Engineer,19420,no,no,no
29,female,1,Facebook,Sports,United Kingdom,Sub_Urban,Software Engineer,14792,no,no,yes
26,female,8,Facebook,Lifestlye,United States,Urban,Student,16830,yes,yes,yes
24,male,5,Facebook,Sports,United Kingdom,Rural,Software Engineer,12434,yes,yes,no
45,male,3,Facebook,Sports,United States,Urban,Marketer Manager,12868,no,yes,no
31,male,7,YouTube,Travel,Australia,Rural,Software Engineer,11438,no,no,no
48,male,7,YouTube,Sports,United States,Rural,Software Engineer,13543,yes,no,no
36,female,1,Instagram,Lifestlye,United Kingdom,Rural,Student,11781,yes,yes,no
64,non-binary,9,Instagram,Lifestlye,United Kingdom,Sub_Urban,Marketer Manager,16343,no,yes,yes
33,male,2,YouTube,Travel,United Kingdom,Urban,Software Engineer,12263,no,no,yes
22,non-binary,5,Instagram,Sports,United States,Rural,Marketer Manager,10211,no,yes,no
52,male,5,YouTube,Lifestlye,United Kingdom,Sub_Urban,Marketer Manager,18699,yes,yes,yes
29,male,8,Instagram,Sports,United Kingdom,Rural,Marketer Manager,16159,no,no,yes
42,non-binary,8,Facebook,Sports,United Kingdom,Sub_Urban,Student,17027,no,no,no
38,female,7,Instagram,Sports,Australia,Rural,Software Engineer,10331,no,no,yes
53,male,7,Facebook,Travel,Australia,Urban,Student,16860,no,yes,yes
40,male,6,Facebook,Sports,United States,Urban,Software Engineer,18044,no,no,yes
33,male,6,Facebook,Lifestlye,United States,Rural,Software Engineer,18169,yes,yes,no
56,non-binary,9,Facebook,Sports,United Kingdom,Sub_Urban,Student,18742,no,yes,no
62,female,6,Instagram,Lifestlye,Australia,Rural,Marketer Manager,15720,yes,no,yes
59,non-binary,2,YouTube,Sports,United Kingdom,Sub_Urban,Marketer Manager,19133,no,yes,yes
56,non-binary,2,Facebook,Lifestlye,United Kingdom,Rural,Software Engineer,10727,no,no,yes
31,female,5,Instagram,Lifestlye,Australia,Sub_Urban,Student,14975,no,no,yes
48,non-binary,4,Facebook,Sports,Australia,Urban,Marketer Manager,13243,yes,yes,yes
22,female,2,Instagram,Sports,Australia,Rural,Marketer Manager,10648,yes,yes,yes
52,male,3,Instagram,Lifestlye,United States,Urban,Software Engineer,15095,yes,no,no
40,female,7,Instagram,Travel,United States,Urban,Software Engineer,16614,no,no,yes
46,male,8,YouTube,Sports,United Kingdom,Rural,Student,17135,no,no,yes
60,non-binary,6,Instagram,Travel,United States,Rural,Software Engineer,11009,yes,no,no
28,non-binary,5,Instagram,Sports,Australia,Sub_Urban,Marketer Manager,11550,yes,no,yes
35,male,1,YouTube,Sports,Australia,Sub_Urban,Marketer Manager,18995,no,no,yes
64,non-binary,8,YouTube,Sports,United States,Urban,Marketer Manager,17492,yes,yes,yes
29,female,3,Instagram,Sports,United Kingdom,Sub_Urban,Marketer Manager,13401,no,yes,yes
26,male,6,YouTube,Travel,United Kingdom,Sub_Urban,Student,17447,yes,yes,no
27,non-binary,3,Facebook,Sports,United States,Rural,Student,15424,yes,yes,yes
61,male,7,Facebook,Lifestlye,United Kingdom,Sub_Urban,Software Engineer,14241,yes,no,no
34,female,7,YouTube,Lifestlye,United Kingdom,Urban,Software Engineer,13161,no,yes,yes
55,female,9,YouTube,Travel,United Kingdom,Sub_Urban,Software Engineer,14155,no,yes,yes
24,non-binary,5,Instagram,Sports,Australia,Urban,Student,17478,yes,no,no
63,female,8,YouTube,Lifestlye,Australia,Rural,Marketer Manager,18719,no,yes,yes
30,male,8,Instagram,Travel,United States,Urban,Software Engineer,19215,no,no,no
57,female,1,Facebook,Sports,Australia,Sub_Urban,Marketer Manager,16617,no,no,no
59,male,5,YouTube,Lifestlye,United Kingdom,Rural,Software Engineer,15660,no,no,no
26,male,3,Instagram,Lifestlye,Australia,Sub_Urban,Software Engineer,18624,yes,no,yes
44,female,1,Instagram,Travel,United States,Rural,Software Engineer,11176,no,no,yes
19,non-binary,4,Facebook,Sports,Australia,Rural,Software Engineer,17956,no,yes,yes
22,female,8,YouTube,Sports,United Kingdom,Sub_Urban,Software Engineer,18592,yes,yes,yes
46,male,3,Facebook,Lifestlye,United Kingdom,Sub_Urban,Marketer Manager,12233,no,yes,no
54,male,2,Instagram,Lifestlye,United States,Rural,Software Engineer,14700,no,no,yes
55,female,9,Instagram,Lifestlye,Australia,Rural,Marketer Manager,15906,no,yes,yes
36,non-binary,5,YouTube,Sports,Australia,Sub_Urban,Student,17860,yes,yes,no
25,non-binary,7,Instagram,Travel,Australia,Urban,Software Engineer,17526,yes,yes,no
62,male,2,YouTube,Travel,United Kingdom,Sub_Urban,Marketer Manager,15559,no,yes,yes
18,male,9,Facebook,Sports,United States,Rural,Student,16732,no,no,no
39,non-binary,9,YouTube,Travel,Australia,Sub_Urban,Student,12513,yes,yes,no
34,female,4,YouTube,Lifestlye,United Kingdom,Urban,Student,17830,yes,no,no
24,male,4,Instagram,Travel,United Kingdom,Sub_Urban,Marketer Manager,19965,yes,no,no
42,male,6,Instagram,Travel,United Kingdom,Rural,Software Engineer,16944,no,yes,no
62,non-binary,6,YouTube,Travel,Australia,Sub_Urban,Software Engineer,17910,no,no,yes
21,female,1,Instagram,Lifestlye,Australia,Rural,Marketer Manager,15649,yes,no,yes
53,non-binary,9,Instagram,Sports,Australia,Rural,Software Engineer,11096,no,no,yes
23,female,2,Instagram,Lifestlye,Australia,Sub_Urban,Marketer Manager,19120,no,no,yes
48,female,5,YouTube,Sports,Australia,Rural,Software Engineer,11951,no,no,yes
36,female,9,Instagram,Sports,Australia,Rural,Student,19746,no,no,yes
61,male,4,YouTube,Sports,Australia,Urban,Software Engineer,19186,no,no,yes
56,non-binary,3,Instagram,Travel,Australia,Urban,Marketer Manager,17799,no,yes,no
44,non-binary,7,Facebook,Travel,Australia,Urban,Marketer Manager,18804,no,yes,yes
27,female,6,Instagram,Sports,United Kingdom,Urban,Student,10595,yes,no,yes
43,male,8,Instagram,Sports,Australia,Rural,Marketer Manager,17875,yes,no,yes
36,male,3,YouTube,Travel,United States,Sub_Urban,Software Engineer,19033,yes,yes,no
56,non-binary,5,YouTube,Lifestlye,United Kingdom,Rural,Software Engineer,14439,yes,yes,yes
20,male,4,Instagram,Sports,Australia,Rural,Student,15972,yes,yes,yes
62,male,4,Facebook,Lifestlye,United States,Rural,Marketer Manager,10858,yes,yes,no
30,female,4,Instagram,Travel,Australia,Sub_Urban,Student,15519,yes,no,yes
45,male,8,Instagram,Sports,United States,Urban,Software Engineer,17385,yes,no,yes
37,female,6,Facebook,Lifestlye,United States,Rural,Student,18636,yes,yes,no
45,non-binary,3,YouTube,Lifestlye,United States,Rural,Marketer Manager,19980,no,yes,yes
25,male,5,Instagram,Lifestlye,United States,Urban,Student,14317,no,yes,no
58,non-binary,6,YouTube,Travel,United Kingdom,Rural,Marketer Manager,13454,yes,yes,yes
56,non-binary,5,YouTube,Travel,United Kingdom,Sub_Urban,Marketer Manager,11030,no,no,yes
18,male,6,Facebook,Lifestlye,United States,Rural,Software Engineer,19487,no,yes,yes
20,male,8,Facebook,Lifestlye,Australia,Rural,Software Engineer,17906,yes,yes,no
30,non-binary,7,YouTube,Travel,United States,Urban,Software Engineer,11447,yes,yes,no
45,male,5,Instagram,Lifestlye,United Kingdom,Rural,Marketer Manager,12850,yes,no,no
42,female,6,YouTube,Lifestlye,Australia,Rural,Student,18106,no,no,yes
50,female,4,Instagram,Travel,United Kingdom,Sub_Urban,Marketer Manager,17151,no,no,yes
55,male,9,Instagram,Lifestlye,United Kingdom,Urban,Software Engineer,19503,yes,yes,no
23,non-binary,4,Facebook,Lifestlye,Australia,Urban,Software Engineer,16952,no,yes,no
61,male,1,Instagram,Lifestlye,United States,Sub_Urban,Student,14055,no,yes,yes
62,male,7,Instagram,Travel,United States,Rural,Software Engineer,15402,no,no,yes
49,non-binary,7,YouTube,Lifestlye,United States,Urban,Software Engineer,19281,yes,no,yes
62,non-binary,4,Facebook,Travel,United States,Urban,Software Engineer,11672,no,yes,yes
64,female,3,Instagram,Travel,Australia,Rural,Student,14532,no,yes,no
38,non-binary,8,Instagram,Sports,Australia,Rural,Marketer Manager,14924,no,no,yes
33,female,5,Facebook,Sports,Australia,Urban,Software Engineer,16085,no,yes,yes
38,non-binary,7,YouTube,Lifestlye,United Kingdom,Rural,Student,17734,no,yes,yes
28,male,4,Facebook,Travel,Australia,Urban,Software Engineer,14864,no,yes,yes
54,female,4,Facebook,Sports,United States,Rural,Student,19316,no,no,yes
53,female,8,Instagram,Lifestlye,United Kingdom,Rural,Software Engineer,11221,yes,yes,yes
52,female,8,Instagram,Sports,United States,Sub_Urban,Student,12860,yes,yes,yes
36,male,2,YouTube,Sports,United States,Rural,Software Engineer,18428,no,yes,no
37,male,2,Instagram,Travel,Australia,Sub_Urban,Marketer Manager,19336,yes,yes,no
35,male,3,Instagram,Travel,Australia,Rural,Software Engineer,13253,no,no,no
64,male,3,Facebook,Sports,United States,Urban,Student,13782,no,no,yes
58,male,1,Instagram,Sports,United States,Urban,Software Engineer,16957,no,no,no
31,female,3,YouTube,Travel,United Kingdom,Rural,Marketer Manager,10766,yes,yes,yes
32,male,6,Facebook,Lifestlye,Australia,Rural,Software Engineer,12681,no,no,yes
48,female,8,YouTube,Travel,United Kingdom,Urban,Student,17710,no,yes,yes
18,male,6,Facebook,Sports,United Kingdom,Rural,Student,17482,yes,no,yes
20,non-binary,5,Instagram,Lifestlye,United Kingdom,Sub_Urban,Marketer Manager,15086,yes,yes,no
33,female,4,Facebook,Sports,United States,Sub_Urban,Student,17964,no,no,yes
40,non-binary,3,Facebook,Lifestlye,United Kingdom,Sub_Urban,Software Engineer,12665,yes,no,yes
28,female,4,Instagram,Sports,United Kingdom,Sub_Urban,Software Engineer,19951,yes,no,no
29,non-binary,7,Instagram,Lifestlye,United States,Sub_Urban,Software Engineer,13513,no,yes,no
27,male,1,YouTube,Lifestlye,Australia,Rural,Student,10495,no,yes,no
49,male,7,YouTube,Sports,Australia,Rural,Software Engineer,15822,no,yes,yes
33,male,1,Instagram,Lifestlye,United Kingdom,Sub_Urban,Software Engineer,12072,yes,no,no
25,female,2,Instagram,Travel,United States,Rural,Software Engineer,17795,yes,yes,yes
55,non-binary,4,Instagram,Sports,Australia,Rural,Marketer Manager,18529,yes,yes,yes
29,male,1,Facebook,Travel,United Kingdom,Sub_Urban,Student,13949,no,yes,no
41,non-binary,9,Facebook,Sports,United Kingdom,Rural,Student,16033,yes,yes,no
45,non-binary,6,Facebook,Lifestlye,United States,Rural,Student,18328,yes,yes,no
25,male,1,Instagram,Lifestlye,United Kingdom,Rural,Marketer Manager,12555,no,yes,yes
45,male,1,YouTube,Lifestlye,Australia,Sub_Urban,Student,16370,no,no,yes
53,non-binary,6,Instagram,Sports,United States,Rural,Marketer Manager,14415,no,no,yes
43,male,4,Facebook,Travel,Australia,Urban,Marketer Manager,15959,yes,yes,yes
25,male,4,Facebook,Travel,Australia,Urban,Student,19107,no,no,yes
45,male,6,Instagram,Sports,Australia,Sub_Urban,Software Engineer,15993,yes,no,yes
45,female,7,Instagram,Sports,United Kingdom,Urban,Software Engineer,15021,yes,yes,no
54,non-binary,9,Facebook,Travel,United Kingdom,Sub_Urban,Student,12907,no,yes,yes
58,non-binary,5,Facebook,Travel,Australia,Urban,Student,12914,no,no,no
53,female,9,Facebook,Travel,Australia,Urban,Marketer Manager,13870,no,yes,no
44,non-binary,4,Instagram,Travel,United States,Urban,Student,19190,no,no,no
34,male,2,Facebook,Sports,United States,Sub_Urban,Marketer Manager,15085,no,no,no
26,non-binary,3,Facebook,Sports,United Kingdom,Sub_Urban,Student,16546,yes,no,no
50,male,1,YouTube,Lifestlye,United Kingdom,Rural,Software Engineer,10395,yes,yes,yes
37,female,6,Instagram,Travel,United States,Sub_Urban,Software Engineer,10938,yes,no,yes
30,male,6,YouTube,Lifestlye,Australia,Urban,Student,19828,no,yes,yes
45,non-binary,1,YouTube,Sports,United Kingdom,Urban,Marketer Manager,12510,yes,yes,yes
46,non-binary,3,Facebook,Sports,Australia,Sub_Urban,Software Engineer,14636,no,yes,no
30,non-binary,5,Instagram,Lifestlye,United States,Sub_Urban,Marketer Manager,11649,no,yes,no
63,female,3,Facebook,Travel,United Kingdom,Sub_Urban,Student,13690,yes,yes,no
52,female,3,Instagram,Travel,United Kingdom,Rural,Student,13435,yes,no,yes
23,non-binary,3,YouTube,Travel,United States,Urban,Software Engineer,13201,no,yes,yes
35,male,5,Instagram,Travel,United Kingdom,Rural,Student,14179,yes,yes,yes
22,female,5,Facebook,Lifestlye,United States,Rural,Software Engineer,18405,no,yes,yes
64,non-binary,4,Facebook,Lifestlye,United Kingdom,Urban,Marketer Manager,13237,yes,yes,no
42,non-binary,1,Facebook,Sports,United States,Urban,Software Engineer,13862,yes,yes,no
19,female,5,Instagram,Travel,United Kingdom,Sub_Urban,Software Engineer,10058,yes,no,yes
27,female,5,YouTube,Travel,Australia,Sub_Urban,Marketer Manager,14938,yes,yes,yes
47,female,4,YouTube,Travel,Australia,Rural,Software Engineer,12971,yes,yes,no
62,male,6,Instagram,Lifestlye,Australia,Sub_Urban,Software Engineer,19719,no,no,no
22,male,4,Facebook,Travel,United Kingdom,Sub_Urban,Student,18314,yes,yes,no
50,non-binary,7,YouTube,Lifestlye,United Kingdom,Urban,Marketer Manager,19628,yes,no,no
18,female,7,Facebook,Travel,Australia,Urban,Software Engineer,19354,yes,no,yes
35,male,2,Instagram,Travel,Australia,Sub_Urban,Marketer Manager,13345,no,no,no
49,female,3,Facebook,Sports,United States,Urban,Marketer Manager,12486,no,no,no
64,non-binary,1,YouTube,Travel,United States,Sub_Urban,Software Engineer,10561,no,yes,no
28,male,8,YouTube,Travel,United States,Urban,Student,13981,no,yes,no
38,male,9,Facebook,Sports,Australia,Urban,Marketer Manager,16261,no,no,yes
43,male,4,Instagram,Lifestlye,Australia,Urban,Software Engineer,11737,yes,no,yes
42,non-binary,6,Facebook,Lifestlye,Australia,Urban,Marketer Manager,19096,yes,yes,yes
39,female,9,Instagram,Travel,United States,Sub_Urban,Student,13554,yes,no,yes
44,male,6,Facebook,Lifestlye,United Kingdom,Rural,Student,19918,no,no,yes
30,non-binary,9,YouTube,Travel,Australia,Urban,Student,19126,no,no,yes
50,female,4,Instagram,Sports,United Kingdom,Sub_Urban,Software Engineer,17095,yes,yes,no
51,non-binary,8,Instagram,Sports,United Kingdom,Sub_Urban,Software Engineer,18266,no,no,no
58,female,9,Instagram,Travel,United Kingdom,Urban,Student,10294,no,yes,no
52,non-binary,4,YouTube,Sports,United States,Rural,Software Engineer,18212,no,yes,no
18,female,5,Facebook,Sports,United Kingdom,Urban,Student,19230,yes,yes,yes
38,male,8,YouTube,Travel,Australia,Sub_Urban,Software Engineer,15330,yes,no,no
23,female,6,Instagram,Travel,United States,Rural,Student,14655,no,no,yes
45,non-binary,7,Facebook,Sports,Australia,Sub_Urban,Marketer Manager,11109,no,yes,no
34,non-binary,3,YouTube,Lifestlye,Australia,Urban,Student,13771,no,yes,no
22,female,7,Instagram,Lifestlye,United States,Rural,Student,18563,no,yes,no
48,male,8,Instagram,Travel,Australia,Sub_Urban,Software Engineer,16123,yes,no,yes
22,male,6,YouTube,Travel,Australia,Sub_Urban,Software Engineer,17647,no,no,no
55,female,9,YouTube,Lifestlye,United States,Sub_Urban,Software Engineer,11174,yes,yes,yes
20,female,6,YouTube,Sports,Australia,Urban,Software Engineer,11164,yes,yes,yes
40,non-binary,9,Instagram,Lifestlye,United Kingdom,Rural,Software Engineer,19284,yes,no,no
54,male,4,YouTube,Lifestlye,Australia,Urban,Software Engineer,19475,no,yes,yes
54,female,8,Instagram,Lifestlye,United Kingdom,Urban,Marketer Manager,19037,yes,no,yes
27,male,4,YouTube,Lifestlye,Australia,Urban,Student,18712,yes,no,no
27,female,2,Instagram,Travel,United States,Rural,Student,14466,no,yes,no
36,female,9,Instagram,Travel,United States,Urban,Student,15538,no,yes,no
34,male,5,Facebook,Sports,Australia,Urban,Marketer Manager,17111,no,no,no
38,female,4,YouTube,Sports,United States,Urban,Student,18434,yes,no,no
31,female,2,YouTube,Sports,Australia,Urban,Marketer Manager,12800,no,no,no
26,non-binary,1,Instagram,Sports,United States,Sub_Urban,Marketer Manager,14607,yes,no,yes
63,female,7,Instagram,Lifestlye,United Kingdom,Urban,Marketer Manager,17262,yes,no,no
18,female,6,Instagram,Travel,Australia,Sub_Urban,Student,11541,no,yes,no
62,female,2,Facebook,Travel,United Kingdom,Urban,Marketer Manager,12765,yes,no,yes
30,non-binary,8,Facebook,Sports,United Kingdom,Rural,Student,14491,yes,no,no
21,male,4,Instagram,Sports,Australia,Sub_Urban,Student,13083,yes,no,yes
18,non-binary,8,YouTube,Lifestlye,United Kingdom,Sub_Urban,Software Engineer,15356,yes,yes,no
57,non-binary,7,YouTube,Lifestlye,Australia,Sub_Urban,Software Engineer,11857,no,yes,no
49,male,5,Facebook,Sports,United Kingdom,Sub_Urban,Marketer Manager,10769,yes,no,yes
51,non-binary,8,Facebook,Travel,Australia,Rural,Marketer Manager,11422,no,no,no
45,male,9,Instagram,Travel,Australia,Urban,Student,18598,yes,yes,yes
48,non-binary,5,YouTube,Travel,United States,Sub_Urban,Marketer Manager,12972,yes,yes,no
25,male,5,Instagram,Sports,Australia,Rural,Marketer Manager,11872,no,yes,no
56,female,2,Facebook,Travel,Australia,Sub_Urban,Student,15599,yes,yes,yes
43,non-binary,5,YouTube,Lifestlye,United Kingdom,Urban,Marketer Manager,12269,yes,no,no
51,non-binary,3,YouTube,Lifestlye,Australia,Sub_Urban,Marketer Manager,15275,yes,yes,no
20,non-binary,7,Facebook,Sports,United States,Rural,Student,14749,yes,no,yes
29,non-binary,5,Instagram,Lifestlye,United Kingdom,Urban,Student,16571,yes,no,no
18,female,8,Instagram,Sports,United Kingdom,Rural,Software Engineer,19373,yes,yes,yes
61,non-binary,1,YouTube,Travel,United States,Urban,Student,15072,no,yes,no
22,female,3,Facebook,Travel,United Kingdom,Urban,Software Engineer,19631,no,yes,yes
47,female,3,YouTube,Travel,United Kingdom,Urban,Marketer Manager,15463,no,yes,no
47,female,9,Facebook,Lifestlye,United Kingdom,Sub_Urban,Student,17450,yes,no,yes
34,female,5,Instagram,Sports,United Kingdom,Rural,Student,18420,yes,no,yes
64,male,9,Facebook,Travel,United States,Rural,Student,13959,yes,no,no
40,male,9,Instagram,Sports,United States,Rural,Marketer Manager,11313,no,yes,no
32,non-binary,1,Facebook,Travel,United Kingdom,Urban,Software Engineer,17847,yes,no,yes
54,male,2,YouTube,Lifestlye,United Kingdom,Sub_Urban,Marketer Manager,11070,no,yes,no
38,male,5,Instagram,Lifestlye,United States,Urban,Marketer Manager,19166,yes,no,yes
31,non-binary,4,YouTube,Sports,United States,Rural,Student,19930,yes,yes,no
19,non-binary,9,YouTube,Lifestlye,United States,Sub_Urban,Software Engineer,13285,yes,no,no
28,non-binary,7,Instagram,Lifestlye,United Kingdom,Sub_Urban,Marketer Manager,18949,no,no,yes
56,male,6,Instagram,Sports,United Kingdom,Sub_Urban,Student,13095,yes,yes,yes
55,male,7,YouTube,Travel,Australia,Rural,Marketer Manager,10320,no,no,no
51,non-binary,1,YouTube,Lifestlye,United States,Sub_Urban,Marketer Manager,12321,yes,no,no
55,female,1,YouTube,Sports,United Kingdom,Sub_Urban,Student,10555,yes,yes,no
51,non-binary,8,YouTube,Lifestlye,United States,Urban,Student,14939,no,yes,no
35,female,2,Instagram,Lifestlye,United Kingdom,Urban,Software Engineer,15432,yes,yes,no
47,female,9,Instagram,Lifestlye,United States,Sub_Urban,Marketer Manager,11386,yes,yes,yes
32,non-binary,7,YouTube,Lifestlye,United Kingdom,Sub_Urban,Student,14763,yes,yes,no
44,non-binary,6,Facebook,Sports,Australia,Urban,Student,16854,yes,no,no
51,non-binary,1,Facebook,Sports,Australia,Urban,Software Engineer,17637,no,yes,yes
55,male,1,Instagram,Sports,United States,Urban,Software Engineer,14841,no,no,yes
50,female,2,YouTube,Lifestlye,United Kingdom,Rural,Student,13867,yes,no,yes
41,male,6,YouTube,Lifestlye,United Kingdom,Rural,Software Engineer,13793,yes,yes,no
32,male,6,Instagram,Lifestlye,United States,Urban,Student,17373,no,no,yes
47,non-binary,2,Facebook,Sports,United Kingdom,Sub_Urban,Marketer Manager,12513,yes,no,yes
59,male,1,Facebook,Lifestlye,United States,Urban,Software Engineer,13803,no,yes,yes
34,non-binary,5,Facebook,Travel,United Kingdom,Rural,Marketer Manager,12327,yes,no,yes
22,female,5,Instagram,Lifestlye,United States,Sub_Urban,Marketer Manager,18809,no,yes,no
46,non-binary,2,Facebook,Travel,United Kingdom,Rural,Marketer Manager,12165,no,yes,no
21,male,6,Instagram,Lifestlye,United States,Sub_Urban,Student,13308,no,yes,no
27,male,9,Instagram,Sports,United Kingdom,Rural,Marketer Manager,16452,no,no,yes
34,non-binary,2,YouTube,Lifestlye,Australia,Sub_Urban,Marketer Manager,18067,yes,no,yes
27,non-binary,2,Facebook,Travel,United Kingdom,Sub_Urban,Marketer Manager,17642,yes,no,yes
34,male,3,Instagram,Travel,United States,Sub_Urban,Student,16404,no,no,yes
37,female,7,Facebook,Lifestlye,Australia,Sub_Urban,Marketer Manager,10992,no,yes,yes
41,female,6,Facebook,Travel,United Kingdom,Rural,Marketer Manager,15424,no,no,yes
22,non-binary,8,YouTube,Travel,Australia,Rural,Software Engineer,19569,no,yes,no
51,female,8,Facebook,Sports,United Kingdom,Sub_Urban,Student,14381,yes,no,no
23,male,6,YouTube,Lifestlye,Australia,Sub_Urban,Marketer Manager,13174,no,no,yes
19,non-binary,3,Instagram,Lifestlye,United States,Rural,Software Engineer,14782,no,no,no
30,male,3,Facebook,Lifestlye,United Kingdom,Sub_Urban,Student,19497,no,no,yes
60,male,1,Instagram,Travel,United Kingdom,Sub_Urban,Student,15560,no,no,yes
60,female,7,Facebook,Lifestlye,United States,Sub_Urban,Student,17460,no,yes,no
28,non-binary,5,Instagram,Lifestlye,Australia,Urban,Student,13078,no,no,yes
64,non-binary,4,Facebook,Sports,United States,Sub_Urban,Student,12983,no,no,no
40,female,4,Facebook,Sports,United States,Urban,Student,17259,yes,no,yes
33,male,4,Facebook,Sports,Australia,Sub_Urban,Marketer Manager,16054,no,no,yes
48,male,6,Facebook,Travel,United States,Rural,Marketer Manager,12523,no,yes,no
28,male,8,Facebook,Lifestlye,United Kingdom,Urban,Marketer Manager,19677,no,no,yes
33,male,8,Facebook,Sports,United Kingdom,Urban,Marketer Manager,14581,yes,yes,yes
25,non-binary,5,Facebook,Sports,United Kingdom,Sub_Urban,Software Engineer,15609,yes,no,yes
21,non-binary,6,Facebook,Sports,United States,Sub_Urban,Marketer Manager,12001,yes,yes,no
57,female,4,Facebook,Lifestlye,United Kingdom,Urban,Student,11387,no,yes,yes
21,female,9,Instagram,Lifestlye,United Kingdom,Rural,Marketer Manager,16552,no,yes,yes
42,non-binary,8,YouTube,Lifestlye,United Kingdom,Rural,Marketer Manager,11030,no,yes,yes
20,non-binary,1,Facebook,Travel,United Kingdom,Sub_Urban,Student,19957,yes,yes,no
49,male,2,YouTube,Travel,United Kingdom,Rural,Marketer Manager,11220,no,no,no
20,male,9,Facebook,Sports,United Kingdom,Rural,Marketer Manager,16035,yes,yes,no
44,female,8,Facebook,Lifestlye,United States,Sub_Urban,Marketer Manager,19810,yes,no,no
46,non-binary,3,Instagram,Sports,United Kingdom,Rural,Software Engineer,19455,yes,yes,no
49,female,8,Instagram,Lifestlye,United Kingdom,Sub_Urban,Marketer Manager,16523,yes,yes,yes
36,non-binary,1,YouTube,Lifestlye,Australia,Urban,Student,18074,yes,no,no
38,male,4,Instagram,Lifestlye,United States,Sub_Urban,Student,19063,no,yes,no
22,female,3,Instagram,Travel,United States,Urban,Marketer Manager,10834,no,yes,yes
35,female,6,YouTube,Travel,United States,Urban,Marketer Manager,19110,yes,yes,no
45,non-binary,7,Instagram,Lifestlye,United States,Rural,Marketer Manager,11724,no,yes,yes
59,male,4,Facebook,Sports,United Kingdom,Rural,Student,16598,no,no,no
39,female,7,YouTube,Lifestlye,United Kingdom,Rural,Student,12413,yes,yes,yes
38,male,9,YouTube,Lifestlye,Australia,Sub_Urban,Software Engineer,19505,yes,yes,yes
23,female,2,Facebook,Sports,Australia,Rural,Software Engineer,15993,no,no,no
18,male,3,Instagram,Lifestlye,United States,Urban,Software Engineer,14498,no,no,no
22,non-binary,5,YouTube,Sports,Australia,Rural,Student,12105,no,yes,yes
58,female,3,YouTube,Travel,Australia,Rural,Software Engineer,12568,no,yes,yes
29,female,8,Facebook,Travel,United States,Sub_Urban,Marketer Manager,19330,yes,no,yes
43,male,8,Facebook,Sports,United States,Sub_Urban,Marketer Manager,10209,no,yes,yes
63,male,8,Instagram,Travel,Australia,Urban,Student,19256,yes,no,yes
51,female,9,YouTube,Travel,United Kingdom,Sub_Urban,Software Engineer,14911,yes,yes,yes
31,non-binary,4,Instagram,Sports,Australia,Rural,Marketer Manager,12220,no,no,yes
43,male,5,Instagram,Travel,Australia,Sub_Urban,Student,10233,no,no,no
62,male,5,Facebook,Lifestlye,United Kingdom,Urban,Software Engineer,10792,no,no,yes
44,male,8,YouTube,Lifestlye,United Kingdom,Rural,Marketer Manager,13110,yes,yes,no
26,female,7,YouTube,Sports,United States,Urban,Software Engineer,12166,yes,yes,no
43,female,9,YouTube,Travel,United States,Sub_Urban,Student,18526,yes,yes,yes
64,female,8,Facebook,Lifestlye,Australia,Sub_Urban,Software Engineer,19551,yes,yes,yes
39,female,2,Facebook,Lifestlye,United Kingdom,Urban,Student,15193,no,no,no
64,non-binary,4,Facebook,Travel,United States,Rural,Software Engineer,11214,yes,no,yes
47,non-binary,6,Facebook,Travel,Australia,Sub_Urban,Marketer Manager,14419,yes,no,yes
60,female,2,Facebook,Lifestlye,United Kingdom,Sub_Urban,Student,17314,no,yes,no
34,non-binary,7,YouTube,Lifestlye,Australia,Rural,Student,18475,yes,yes,no
43,male,3,Instagram,Sports,United States,Sub_Urban,Student,10212,yes,yes,no
53,male,3,YouTube,Sports,United States,Urban,Software Engineer,11658,no,no,yes
18,male,2,Instagram,Lifestlye,United Kingdom,Sub_Urban,Software Engineer,15024,yes,yes,yes
25,female,8,Facebook,Sports,Australia,Sub_Urban,Marketer Manager,19609,yes,yes,no
52,male,6,Instagram,Lifestlye,United Kingdom,Rural,Student,15917,yes,no,yes
32,non-binary,1,YouTube,Lifestlye,United States,Urban,Student,15141,yes,no,no
64,female,1,YouTube,Sports,United States,Rural,Software Engineer,11794,no,yes,yes
39,non-binary,7,Instagram,Sports,Australia,Sub_Urban,Software Engineer,15988,yes,no,no
31,male,8,Facebook,Travel,Australia,Sub_Urban,Marketer Manager,18296,no,yes,yes
43,male,5,Facebook,Travel,Australia,Rural,Marketer Manager,15578,yes,no,no
45,male,5,YouTube,Travel,United Kingdom,Rural,Software Engineer,15551,no,no,yes
40,female,4,Instagram,Lifestlye,Australia,Rural,Student,13845,no,no,yes
31,non-binary,6,Facebook,Sports,Australia,Urban,Marketer Manager,16906,no,yes,no
41,female,6,Facebook,Lifestlye,United States,Sub_Urban,Software Engineer,10378,yes,yes,yes
19,female,3,YouTube,Sports,United States,Rural,Software Engineer,13293,yes,yes,yes
62,male,9,Facebook,Lifestlye,Australia,Sub_Urban,Student,13329,yes,no,no
43,female,7,Instagram,Travel,Australia,Urban,Software Engineer,14808,no,no,yes
31,female,1,YouTube,Travel,United States,Urban,Software Engineer,17937,yes,no,yes
24,male,7,YouTube,Travel,Australia,Urban,Marketer Manager,10224,yes,no,yes
20,female,5,Instagram,Lifestlye,United Kingdom,Urban,Software Engineer,10737,yes,yes,no
64,male,5,YouTube,Sports,United Kingdom,Sub_Urban,Software Engineer,10235,yes,yes,no
40,male,2,Facebook,Sports,United Kingdom,Urban,Marketer Manager,10711,no,yes,no
63,male,4,Facebook,Travel,Australia,Urban,Student,15988,no,no,no
60,male,6,Instagram,Travel,United States,Rural,Student,11888,yes,no,no
64,female,7,Facebook,Travel,Australia,Urban,Marketer Manager,17173,yes,yes,yes
62,male,5,Instagram,Travel,Australia,Rural,Marketer Manager,11259,yes,no,yes
35,male,9,Instagram,Sports,United States,Urban,Student,15246,no,yes,no
55,female,3,Facebook,Lifestlye,United States,Urban,Student,17271,yes,no,yes
52,female,1,Instagram,Lifestlye,United States,Rural,Student,10748,no,no,yes
32,non-binary,4,Facebook,Lifestlye,United Kingdom,Urban,Student,13551,no,yes,yes
42,female,9,YouTube,Lifestlye,Australia,Sub_Urban,Student,16400,yes,yes,yes
54,female,4,YouTube,Travel,United States,Sub_Urban,Marketer Manager,16643,yes,no,no
45,non-binary,2,Instagram,Travel,Australia,Urban,Software Engineer,18701,yes,yes,no
27,female,5,Facebook,Travel,United Kingdom,Sub_Urban,Student,11823,no,yes,yes
56,female,3,Facebook,Lifestlye,United Kingdom,Rural,Student,16852,no,no,yes
34,female,9,YouTube,Travel,United States,Urban,Software Engineer,17777,yes,no,no
56,female,4,YouTube,Travel,United States,Urban,Software Engineer,14232,no,no,yes
39,non-binary,6,Facebook,Sports,Australia,Rural,Software Engineer,16519,yes,yes,yes
43,female,2,Instagram,Sports,United States,Rural,Software Engineer,11777,yes,no,yes
61,female,6,YouTube,Travel,Australia,Rural,Software Engineer,11222,no,no,no
42,non-binary,3,Instagram,Sports,United States,Urban,Software Engineer,17630,no,no,no
34,male,9,Instagram,Sports,Australia,Rural,Marketer Manager,11777,no,no,yes
30,non-binary,2,YouTube,Travel,Australia,Rural,Software Engineer,19496,no,no,yes
37,male,9,Instagram,Travel,Australia,Sub_Urban,Software Engineer,17490,yes,yes,yes
42,non-binary,5,Instagram,Travel,Australia,Sub_Urban,Marketer Manager,14859,yes,no,yes
21,non-binary,8,Facebook,Travel,United Kingdom,Urban,Software Engineer,18893,yes,no,yes
27,female,2,Instagram,Lifestlye,Australia,Sub_Urban,Student,18118,no,yes,yes
20,male,6,Facebook,Lifestlye,United States,Sub_Urban,Student,12989,yes,no,no
58,female,3,YouTube,Travel,United Kingdom,Rural,Software Engineer,18343,no,no,no
62,male,5,YouTube,Sports,United Kingdom,Rural,Marketer Manager,11325,no,yes,yes
35,non-binary,8,Facebook,Travel,Australia,Sub_Urban,Student,19493,no,no,no
64,non-binary,1,YouTube,Travel,United Kingdom,Sub_Urban,Marketer Manager,19903,yes,yes,yes
53,male,5,Instagram,Sports,Australia,Sub_Urban,Student,15127,no,no,yes
64,female,3,Instagram,Lifestlye,United States,Urban,Software Engineer,18998,no,yes,no
39,female,4,Instagram,Travel,Australia,Urban,Marketer Manager,12722,no,yes,no
51,female,2,YouTube,Travel,United Kingdom,Urban,Marketer Manager,14656,no,no,yes
64,female,9,Instagram,Lifestlye,United States,Sub_Urban,Marketer Manager,11325,no,yes,yes
25,non-binary,3,YouTube,Lifestlye,Australia,Sub_Urban,Student,14133,no,yes,no
57,non-binary,2,Instagram,Sports,United States,Urban,Student,19351,no,no,no
61,non-binary,9,Facebook,Lifestlye,United States,Urban,Student,12869,no,no,yes
36,non-binary,7,YouTube,Lifestlye,United Kingdom,Sub_Urban,Software Engineer,11242,no,yes,yes
59,non-binary,6,YouTube,Lifestlye,United States,Rural,Student,18539,no,no,yes
58,female,1,Instagram,Sports,United Kingdom,Urban,Software Engineer,11831,no,yes,no
54,female,5,YouTube,Lifestlye,United States,Sub_Urban,Marketer Manager,11569,no,yes,yes
23,female,3,YouTube,Lifestlye,Australia,Sub_Urban,Marketer Manager,17246,yes,no,no
43,female,1,Facebook,Sports,United States,Rural,Software Engineer,11918,yes,no,yes
51,non-binary,4,Facebook,Lifestlye,Australia,Sub_Urban,Student,16416,no,yes,no
62,non-binary,2,Instagram,Lifestlye,Australia,Sub_Urban,Software Engineer,13232,no,no,no
23,non-binary,2,Facebook,Sports,United States,Urban,Marketer Manager,13758,no,no,no
54,male,3,Instagram,Travel,Australia,Urban,Marketer Manager,15997,yes,yes,no
50,female,8,Instagram,Sports,United States,Rural,Software Engineer,12355,yes,yes,yes
39,female,8,Instagram,Lifestlye,United States,Rural,Student,19589,yes,yes,no
38,non-binary,7,YouTube,Lifestlye,Australia,Sub_Urban,Student,11824,no,yes,no
23,female,6,Facebook,Lifestlye,Australia,Urban,Software Engineer,17280,no,yes,no
23,female,9,Instagram,Sports,United Kingdom,Rural,Software Engineer,14060,no,yes,yes
21,non-binary,4,Facebook,Lifestlye,Australia,Rural,Student,15324,no,no,yes
47,male,1,Instagram,Lifestlye,United Kingdom,Rural,Marketer Manager,10404,yes,yes,yes
28,male,8,Facebook,Sports,Australia,Sub_Urban,Software Engineer,11721,no,no,yes
47,male,7,Facebook,Travel,United States,Urban,Student,15316,yes,no,yes
48,non-binary,7,Instagram,Travel,Australia,Rural,Student,13845,yes,yes,yes
41,female,3,YouTube,Lifestlye,United States,Urban,Marketer Manager,14210,no,no,no
26,non-binary,4,Facebook,Sports,United States,Rural,Marketer Manager,10064,yes,yes,no
20,non-binary,9,YouTube,Lifestlye,United States,Rural,Marketer Manager,19491,yes,no,no
48,female,6,YouTube,Sports,United Kingdom,Urban,Marketer Manager,16382,yes,yes,yes
57,male,5,Instagram,Sports,Australia,Urban,Marketer Manager,19607,yes,yes,no
54,male,3,Instagram,Travel,United States,Urban,Software Engineer,10968,no,yes,no
53,non-binary,9,Instagram,Travel,United States,Sub_Urban,Student,10368,no,yes,yes
41,male,5,Facebook,Sports,United Kingdom,Rural,Software Engineer,18424,yes,no,no
48,non-binary,5,Instagram,Lifestlye,Australia,Sub_Urban,Software Engineer,12242,no,no,yes
23,non-binary,4,Instagram,Travel,Australia,Urban,Software Engineer,15002,yes,no,no
19,female,4,Facebook,Lifestlye,United Kingdom,Rural,Software Engineer,13083,no,no,yes
37,female,1,Facebook,Travel,United Kingdom,Sub_Urban,Software Engineer,18073,no,no,yes
45,female,7,Instagram,Travel,Australia,Rural,Marketer Manager,19112,no,yes,yes
28,non-binary,9,Instagram,Lifestlye,United Kingdom,Sub_Urban,Marketer Manager,18880,no,yes,no
21,female,3,Instagram,Travel,Australia,Urban,Student,11469,no,yes,no
32,male,2,Instagram,Travel,Australia,Sub_Urban,Software Engineer,14725,yes,yes,yes
23,male,3,YouTube,Lifestlye,United States,Rural,Student,14259,no,yes,yes
47,non-binary,1,YouTube,Travel,United States,Rural,Marketer Manager,13622,yes,no,no
55,non-binary,6,Instagram,Travel,Australia,Rural,Marketer Manager,10823,yes,yes,no
19,female,7,YouTube,Travel,Australia,Rural,Marketer Manager,13431,no,yes,yes
32,non-binary,2,Facebook,Lifestlye,Australia,Urban,Software Engineer,16528,yes,no,no
28,non-binary,8,YouTube,Sports,Australia,Sub_Urban,Software Engineer,14151,no,no,no
25,male,6,YouTube,Lifestlye,Australia,Urban,Marketer Manager,14213,yes,yes,no
43,male,4,Instagram,Sports,Australia,Urban,Student,17420,yes,yes,yes
62,female,5,YouTube,Travel,United Kingdom,Urban,Student,18989,no,no,yes
61,non-binary,8,YouTube,Sports,Australia,Rural,Marketer Manager,10779,no,yes,no
22,non-binary,3,YouTube,Lifestlye,United Kingdom,Rural,Student,12892,no,yes,yes
23,male,3,YouTube,Lifestlye,United Kingdom,Rural,Marketer Manager,15534,no,yes,no
43,non-binary,4,Facebook,Travel,Australia,Sub_Urban,Student,13306,yes,no,no
21,male,1,Instagram,Sports,Australia,Rural,Marketer Manager,12902,no,yes,yes
36,female,9,Instagram,Travel,United Kingdom,Sub_Urban,Student,13718,yes,yes,yes
37,male,8,Facebook,Travel,United Kingdom,Rural,Software Engineer,10021,yes,no,yes
50,non-binary,8,YouTube,Lifestlye,Australia,Rural,Marketer Manager,11500,yes,no,no
37,female,6,Facebook,Sports,Australia,Urban,Marketer Manager,19034,yes,no,no
29,male,7,YouTube,Sports,United Kingdom,Urban,Student,19952,yes,yes,yes
64,male,6,Facebook,Sports,United Kingdom,Urban,Marketer Manager,13641,yes,no,yes
18,female,9,Instagram,Sports,United Kingdom,Sub_Urban,Marketer Manager,15212,no,yes,yes
43,female,3,Instagram,Travel,United States,Sub_Urban,Marketer Manager,10191,yes,no,no
31,male,3,Instagram,Travel,United Kingdom,Rural,Software Engineer,18587,yes,yes,no
55,non-binary,3,YouTube,Lifestlye,United States,Sub_Urban,Software Engineer,17174,yes,no,no
54,male,3,YouTube,Travel,Australia,Rural,Student,15114,no,yes,yes
28,female,9,Facebook,Travel,Australia,Sub_Urban,Software Engineer,14662,no,yes,yes
53,male,4,Facebook,Lifestlye,United Kingdom,Sub_Urban,Student,14326,yes,no,no
30,female,7,Instagram,Lifestlye,Australia,Sub_Urban,Software Engineer,19065,no,no,yes
60,female,9,YouTube,Lifestlye,Australia,Urban,Student,14335,yes,yes,yes
20,non-binary,7,Facebook,Travel,Australia,Sub_Urban,Software Engineer,18281,no,no,yes
50,female,9,YouTube,Travel,Australia,Urban,Software Engineer,18648,yes,yes,yes
23,female,3,YouTube,Lifestlye,United States,Urban,Student,19196,no,no,no
27,non-binary,4,Instagram,Lifestlye,United States,Sub_Urban,Marketer Manager,15494,no,no,yes
22,female,8,Instagram,Lifestlye,United Kingdom,Rural,Marketer Manager,18536,no,yes,no
40,non-binary,6,YouTube,Travel,United Kingdom,Rural,Software Engineer,12711,yes,no,no
27,non-binary,5,YouTube,Travel,United Kingdom,Rural,Student,17595,yes,no,yes
61,female,4,YouTube,Sports,Australia,Sub_Urban,Marketer Manager,16273,yes,yes,no
19,female,8,YouTube,Travel,Australia,Rural,Student,16284,no,yes,no
